Feature,Linear Coefficient SD,Ridge Coefficient SD,Lasso Coefficient SD,Lasso Folds Selected,Lasso Selection Frequency (%),Elastic Net Coefficient SD,Elastic Net Folds Selected,Elastic Net Selection Frequency (%),Elastic Net Stability Improvement from Linear
Kilometer,0.0313983091548202,0.0311305090942176,0.0310826159591195,5,100.0,0.02765031209645321,5,100.0,0.0037479970583669878
Length,0.0207172213929512,0.0195473974119851,0.0200460618370926,5,100.0,0.017197967828525656,5,100.0,0.0035192535644255445
Width,0.0114066025298452,0.0110023877009522,0.0113266415729992,5,100.0,0.00990211347240828,5,100.0,0.001504489057436921
Height,0.0125507325482509,0.0128022062142662,0.0117427577522988,5,100.0,0.009941923712126021,5,100.0,0.0026088088361248783
Seating Capacity,0.0143448849470803,0.0149652383939317,0.0145972161532469,5,100.0,0.013119812018765388,5,100.0,0.0012250729283149117
Fuel Tank Capacity,0.0094369525158171,0.0089361659897078,0.0090629732924212,5,100.0,0.007013907434635762,5,100.0,0.0024230450811813372
Vehicle_Age,0.0062219644758963,0.0056473264441135,0.0053401335784788,5,100.0,0.004683771643830775,5,100.0,0.0015381928320655248
Engine_CC,0.0147950540932294,0.0133689723835507,0.0134659824861031,5,100.0,0.010918762905506432,5,100.0,0.003876291187722968
Power_BHP,0.0248017234822852,0.0231260282214728,0.0231286574979672,5,100.0,0.01924671486836847,5,100.0,0.00555500861391673
Power_RPM,0.0302070457815544,0.0287706356215646,0.0280497569782156,5,100.0,0.022284046216937067,5,100.0,0.007922999564617332
Torque_NM,0.0157085082529382,0.0147690730421087,0.0143674559481484,5,100.0,0.011593633027640864,5,100.0,0.004114875225297337
Torque_RPM_Clean,0.0083819923996327,0.0083001693806502,0.0080626991553421,5,100.0,0.006818082292195199,5,100.0,0.0015639101074375007
missingindicator_Length,0.0032742870991742,0.0030285502853637,0.009350088059488,4,80.0,0.0063551216925528675,2,40.0,-0.0030808345933786676
missingindicator_Width,0.0032742870991742,0.0030285502853637,5.099288317603251e-15,2,40.0,1.884654564623974e-06,2,40.0,0.003272402444609576
missingindicator_Height,0.0032742870991742,0.0030285502853637,1.5901150725178126e-16,2,40.0,2.819158983904675e-10,2,40.0,0.0032742868172583018
missingindicator_Seating Capacity,0.0032742870991742,0.0030285502853637,1.0390199085214096e-17,2,40.0,2.84884181755439e-14,2,40.0,0.0032742870991457115
missingindicator_Fuel Tank Capacity,0.0078543787009284,0.0082443369790472,0.0075398549110513,5,100.0,0.006248665381488076,5,100.0,0.0016057133194403248
missingindicator_Engine_CC,0.0128288011564972,0.0127026826169985,0.0160593823669377,4,80.0,0.012789445238997518,5,100.0,3.935591749968173e-05
missingindicator_Power_BHP,0.0128288011564972,0.0127026826169985,3.4804800302716645e-14,4,80.0,3.604754624550159e-06,5,100.0,0.01282519640187265
missingindicator_Power_RPM,0.053241020326009,0.0528646770188186,0.051785709388854,4,80.0,0.04299686634843332,5,100.0,0.010244153977575679
missingindicator_Torque_NM,0.0128288011564972,0.0127026826169985,0.0366541345418861,4,80.0,0.030585419194157068,4,80.0,-0.01775661803765987
missingindicator_Torque_RPM_Clean,0.0128288011564972,0.0127026826169985,3.5821132665822374e-14,4,80.0,8.863717142779026e-06,4,80.0,0.012819937439354421
Make_BMW,0.0178563586134283,0.015301704587039,0.0170730182249396,5,100.0,0.016883046367805816,5,100.0,0.0009733122456224846
Make_Chevrolet,0.1080744625693804,0.1674682145285627,0.15202327716558,5,100.0,0.1790292051186365,5,100.0,-0.07095474254925609
Make_Datsun,0.0525867593384238,0.0514416470786742,0.0558862811748258,5,100.0,0.05413359949255329,5,100.0,-0.0015468401541294877
Make_Ford,0.0326131766508756,0.0289610495735506,0.0326602503311869,5,100.0,0.028815038849919452,5,100.0,0.003798137800956145
Make_Honda,0.0289733881205343,0.0295344072770679,0.0313875850776156,5,100.0,0.029338644304723847,5,100.0,-0.00036525618418954686
Make_Hyundai,0.0213966738517821,0.0160191667512677,0.0216436830429789,5,100.0,0.021304533842754554,5,100.0,9.214000902754704e-05
Make_Jaguar,0.1007892242158172,0.0967861939617203,0.1005094366089144,5,100.0,0.09125924590907326,5,100.0,0.00952997830674393
Make_Jeep,0.0353559255587089,0.0269684871496973,0.0306733432893426,5,100.0,0.02635371998866882,5,100.0,0.00900220557004008
Make_Kia,0.0438802139097882,0.0359651302284149,0.0400906325816012,5,100.0,0.035433712788291244,5,100.0,0.008446501121496953
Make_Land Rover,0.0365271619714408,0.0285598478781648,0.0338169655810217,5,100.0,0.029812822341850388,5,100.0,0.006714339629590411
Make_MG,0.0205776114707197,0.0247621416884526,0.0191252516231642,5,100.0,0.018301054276822347,5,100.0,0.0022765571938973515
Make_MINI,0.2178689984270258,0.2165693285644755,0.2280574272970167,4,80.0,0.20331055763201003,4,80.0,0.014558440795015781
Make_Mahindra,0.0410225483554665,0.0342904722567749,0.0413238656326292,5,100.0,0.03889960466450554,5,100.0,0.002122943690960964
Make_Maruti Suzuki,0.0327251925316862,0.0292955573699051,0.034225069773135,5,100.0,0.032504379115298854,5,100.0,0.00022081341638734847
Make_Mercedes-Benz,0.0252008718151342,0.0236194423948252,0.025070300640498,5,100.0,0.023620560247362376,5,100.0,0.0015803115677718235
Make_Nissan,0.0178785578300975,0.0256574892692365,0.0230116313458364,5,100.0,0.025132876889848516,5,100.0,-0.007254319059751015
Make_Porsche,0.2131996565134681,0.2032595914604618,0.2171721007202892,5,100.0,0.19592710403958755,5,100.0,0.017272552473880542
Make_Renault,0.0261974674664327,0.0214461559253929,0.0283791128124391,5,100.0,0.029445626710135044,5,100.0,-0.0032481592437023435
Make_Skoda,0.0328309605008507,0.032927240168704,0.0339836959684314,5,100.0,0.031057012456689216,5,100.0,0.0017739480441614844
Make_Tata,0.0164752462578836,0.0149420446104371,0.0151839552731775,5,100.0,0.014416522795584622,5,100.0,0.002058723462298977
Make_Toyota,0.0124958315831734,0.0075485431432967,0.0106661855969616,5,100.0,0.011083181114769356,5,100.0,0.0014126504684040444
Make_Volkswagen,0.0312229799179719,0.0281325498192398,0.0324392381228013,5,100.0,0.030870606048318337,5,100.0,0.000352373869653564
Make_Volvo,0.0653378625397453,0.0541712727565014,0.0347406784157169,3,60.0,0.017545530281998425,2,40.0,0.04779233225774687
Make_infrequent_sklearn,0.0867188318401456,0.0845024941210645,0.0758441734834732,5,100.0,0.05745893875954774,5,100.0,0.029259893080597864
Model_5-Series 520d Luxury Line [2017-2019],0.0528777373013768,0.0232414856157788,0.0237458057318582,5,100.0,0.019390970166650555,5,100.0,0.033486767134726245
Model_A6 2.0 TDI Premium,0.078518587787683,0.0278770266842339,0.0296187711692464,5,100.0,0.025440061215438944,5,100.0,0.05307852657224406
Model_A6 35 TDI Matrix,0.0470335398084285,0.0201405605811273,0.0165702475528199,4,80.0,0.0015651531289826858,2,40.0,0.04546838667944581
Model_Alto 800 Lxi,0.0611193363689133,0.0273116472079054,0.0202541942825718,3,60.0,0.010575854066470217,3,60.0,0.050543482302443085
Model_Alto VXi,0.0721687306948571,0.0102882340875448,0.0039152215973133,1,20.0,0.0,0,0.0,0.0721687306948571
Model_Baleno Delta 1.2,0.0703789203188589,0.0372562950758791,0.0281049470272806,3,60.0,0.01292368345438126,2,40.0,0.057455236864477635
Model_Baleno Zeta 1.2,0.0452886652236623,0.0233836563601136,0.0249276311126688,4,80.0,0.0,0,0.0,0.0452886652236623
Model_Celerio VXi AMT,0.0650180776501239,0.0160841633816373,0.0,0,0.0,0.0,0,0.0,0.0650180776501239
Model_City 1.5 S MT,0.0613266406077219,0.0173154747020702,0.0152018823226669,5,100.0,0.008500125726357131,4,80.0,0.05282651488136477
Model_City 1.5 V AT,0.0452289216804401,0.0547389304374437,0.0680037775292381,4,80.0,0.05132932900710994,4,80.0,-0.006100407326669839
Model_City V,0.0830440048496829,0.0200154736332702,0.0061148862319785,1,20.0,0.0,0,0.0,0.0830440048496829
Model_Creta 1.6 SX Plus AT Petrol,0.0684563586107441,0.00835032449761,0.0063100803067317,5,100.0,0.007353253616732966,5,100.0,0.061103104994011136
Model_Creta SX 1.6 AT Petrol,0.079923992055563,0.0245456362349755,0.0035732257356245,1,20.0,0.0,0,0.0,0.079923992055563
Model_E-Class E 220d Exclusive [2019-2019],0.0895075209628229,0.0368281764885313,0.0433462411286487,5,100.0,0.03945478386409086,4,80.0,0.050052737098732036
Model_Fortuner 2.8 4x2 AT [2016-2020],0.0658906579915707,0.0210237707961815,0.0259160258991778,5,100.0,0.023106521299488772,5,100.0,0.042784136692081934
Model_Fortuner 2.8 4x4 AT [2016-2020],0.089638083238095,0.0290195754652556,0.0340456938799969,5,100.0,0.036287784090391975,5,100.0,0.05335029914770302
Model_Fortuner 3.0 4x2 AT,0.08626981382289,0.0379059104697379,0.0297610900570953,2,40.0,0.02296920104125132,1,20.0,0.06330061278163869
Model_Fortuner 3.0 4x4 MT,0.0770683424766015,0.0348024234858403,0.0379955202418715,5,100.0,0.03763042637385505,5,100.0,0.039437916102746454
Model_GLA 200 d Sport,0.0798896459436663,0.0221053706943043,0.0,0,0.0,0.0,0,0.0,0.0798896459436663
Model_GLC 220 d Progressive,0.0890164469201612,0.045139793406365,0.0479963172763449,5,100.0,0.04240267154011224,5,100.0,0.046613775380048954
Model_GLE 250 d,0.0464323075790031,0.0262685272803312,0.0141436211576304,1,20.0,0.0007590640203581544,1,20.0,0.045673243558644945
Model_GLE 300d 4MATIC LWB,0.0944515874868655,0.03351126217404,0.0062083636522796,1,20.0,0.0,0,0.0,0.0944515874868655
Model_Grand i10 Asta 1.2 Kappa VTVT [2013-2016],0.0385384712703433,0.045136885557743,0.0242339556658301,2,40.0,0.0016061030325724864,1,20.0,0.03693236823777082
Model_Grand i10 Magna 1.2 Kappa VTVT [2013-2016],0.0721903367959291,0.0249423727802205,0.0244972703177126,5,100.0,0.016372472113413927,4,80.0,0.055817864682515164
Model_Innova 2.8 ZX AT 7 STR [2016-2020],0.1029854898595956,0.0435790891933506,0.0525785383676395,5,100.0,0.05069582984253461,4,80.0,0.05228966001706099
Model_Kwid 1.0 RXT [2016-2019],0.1035249327283567,0.0340135302199601,0.0411467930473973,4,80.0,0.02834916525466062,3,60.0,0.07517576747369607
Model_Kwid RXT [2015-2019],0.1062782756841387,0.0450929699492386,0.0229911524441223,2,40.0,0.0019904284454002716,1,20.0,0.10428784723873842
Model_Q3 35 TDI Premium + Sunroof,0.1063492994522898,0.0416720038674978,0.0481047764001808,5,100.0,0.04030666280609357,3,60.0,0.06604263664619622
Model_Scorpio S10,0.0625590974186375,0.0497386117555582,0.07004807187543,5,100.0,0.06317291590373314,4,80.0,-0.0006138184850956463
Model_Swift DZire VDI,0.0751447353254802,0.0205129523295232,0.0147945055187959,3,60.0,0.004357902900689451,2,40.0,0.07078683242479075
Model_Swift DZire VXI,0.077210531219883,0.0233767863196993,0.0286687450976614,5,100.0,0.029536721668853377,5,100.0,0.04767380955102962
Model_Swift VDi,0.0483325663113813,0.0259538092472275,0.0290067919525118,5,100.0,0.024749820532446717,5,100.0,0.023582745778934586
Model_Swift VXi,0.0734271277210047,0.0169394889397474,0.0145410360884155,5,100.0,0.0065098041247556495,5,100.0,0.06691732359624905
Model_Swift VXi [2014-2017],0.0822247575023686,0.023240043639301,0.0163525348911468,1,20.0,0.0020065284799572736,1,20.0,0.08021822902241132
Model_V40 D3 R-Design,0.1381421209202984,0.060754248976961,0.0416686171766273,2,40.0,0.008989001029647902,1,20.0,0.1291531198906505
Model_Verna 1.6 CRDI SX,0.086633160540403,0.0246412727914418,0.0322702379454216,5,100.0,0.03136810233264364,5,100.0,0.055265058207759364
Model_Verna Fluidic 1.6 CRDi SX,0.0605222025596201,0.0125474749665352,0.0160343005879147,5,100.0,0.014809419575078895,5,100.0,0.045712782984541206
Model_Vitara Brezza VDi (O) [2016-2018],0.1018973979015756,0.0328990254772514,0.0069118689907429,1,20.0,0.0,0,0.0,0.1018973979015756
Model_Vitara Brezza ZDi,0.0913187909385064,0.0290642189286622,0.0275954321407926,5,100.0,0.024946511501976572,5,100.0,0.06637227943652982
Model_Wagon R LXI CNG (O),0.0936197211333289,0.0420815028061816,0.0238566306077479,2,40.0,0.002829227856772116,2,40.0,0.09079049327655679
Model_Wagon R LXi,0.0707762592700367,0.0575258355339549,0.0692072918484354,5,100.0,0.056506979275444257,4,80.0,0.014269279994592439
Model_Wagon R VXI,0.0856603547526704,0.0225289544942223,0.0011114260864263,1,20.0,0.0,0,0.0,0.0856603547526704
Model_X1 sDrive20d xLine,0.0668602847421287,0.0265641954025788,0.0296128725037527,5,100.0,0.02698045941953669,5,100.0,0.03987982532259201
Model_i10 Magna 1.2 Kappa2,0.0807623378519624,0.0222879932758456,0.0230379141423943,5,100.0,0.02163234937203022,5,100.0,0.059129988479932186
Model_i20 Magna 1.2,0.083434243268362,0.0778957616814254,0.0886715096768135,5,100.0,0.08406630505824163,5,100.0,-0.0006320617898796232
Model_infrequent_sklearn,0.0730546490590555,0.0107397062395117,0.0076771684630195,5,100.0,0.005664016806923307,5,100.0,0.06739063225213218
Fuel Type_Diesel,0.0558414285156683,0.0509106522565914,0.0518012201142205,4,80.0,0.04004739467423268,4,80.0,0.01579403384143562
Fuel Type_Electric,0.1363555648931649,0.1137358081164952,0.0938813350852031,3,60.0,0.047475300534807696,3,60.0,0.08888026435835719
Fuel Type_Petrol,0.0329932661531037,0.0305613839839992,0.0276916240733508,5,100.0,0.018837179937605312,5,100.0,0.014156086215498385
Fuel Type_infrequent_sklearn,0.0567285053175308,0.0542872534657993,0.0577224469757206,5,100.0,0.05335670143986831,5,100.0,0.003371803877662491
Transmission_Manual,0.014514131575906,0.0132650773916917,0.012992307201839,5,100.0,0.01124860762042831,5,100.0,0.0032655239554776894
Location_Ahmedabad,0.020934990141314,0.0168668867167132,0.0132387749742808,4,80.0,0.010349742082031032,3,60.0,0.010585248059282968
Location_Ambala Cantt,0.0378059800036159,0.0311280797719468,0.0268006929251405,5,100.0,0.027014538568733457,5,100.0,0.010791441434882445
Location_Bangalore,0.0311301134305119,0.0205393095881786,0.0181222487703148,5,100.0,0.015228759227949713,5,100.0,0.01590135420256219
Location_Bhopal,0.0726156969766295,0.0630515256708806,0.04168660092174,5,100.0,0.022702212447466865,4,80.0,0.04991348452916264
Location_Chandigarh,0.0187149917928725,0.0193325958172324,0.0182986064075794,4,80.0,0.015848788288071156,4,80.0,0.0028662035048013443
Location_Chennai,0.0134896792328601,0.0127412161366677,0.0202206698151213,5,100.0,0.016323797689589643,5,100.0,-0.002834118456729543
Location_Coimbatore,0.0218119696414917,0.0138318529097634,0.0160199593223806,5,100.0,0.01346312630315806,5,100.0,0.00834884333833364
Location_Dehradun,0.047048630262754,0.0516506171212744,0.0532622664799257,4,80.0,0.042903838134824714,4,80.0,0.0041447921279292865
Location_Delhi,0.0120643224212598,0.006104804894445,0.0089844609377975,3,60.0,0.006571684843462776,3,60.0,0.0054926375777970245
Location_Faridabad,0.0182784798225088,0.0098818873880807,0.0050723462957797,5,100.0,0.006248943318035615,5,100.0,0.012029536504473186
Location_Gurgaon,0.0239325836183333,0.0213172392431625,0.0248708960589523,5,100.0,0.02026609465159754,4,80.0,0.00366648896673576
Location_Guwahati,0.0301996774755919,0.0217683966248386,0.024113044253945,5,100.0,0.010609475933197039,4,80.0,0.01959020154239486
Location_Hyderabad,0.0243741297130728,0.0171186703145101,0.0172139799095934,5,100.0,0.014625079769571891,5,100.0,0.009749049943500909
Location_Indore,0.0464417298793256,0.0448612082209072,0.0425334950670649,5,100.0,0.03846638985908406,5,100.0,0.007975340020241542
Location_Jaipur,0.0237018758454693,0.0169907214832115,0.0131836999478822,5,100.0,0.011511804550323263,5,100.0,0.012190071295146036
Location_Jalandhar,0.0422316009674927,0.0322732900042704,0.0242952688616015,3,60.0,0.014022942709873854,3,60.0,0.028208658257618844
Location_Jamshedpur,0.0404309269041832,0.0384496943923256,0.0392587119379341,4,80.0,0.03189074965181728,4,80.0,0.008540177252365923
Location_Kanpur,0.0270999782622668,0.0299103429640326,0.0310242890235509,5,100.0,0.027301550218812566,5,100.0,-0.0002015719565457673
Location_Karnal,0.0633707418916431,0.0465738496943982,0.0321504176545709,4,80.0,0.014934002890687562,3,60.0,0.04843673900095554
Location_Kolkata,0.0139595187097507,0.008294696926592,0.0114249680097146,5,100.0,0.00907623513578534,5,100.0,0.00488328357396536
Location_Lucknow,0.0276964675712693,0.0258685539745408,0.0167545919381055,4,80.0,0.014164127111119317,3,60.0,0.013532340460149984
Location_Ludhiana,0.0206147802772038,0.0144818059839929,0.0166231803374456,4,80.0,0.010627829945412727,4,80.0,0.009986950331791073
Location_Mangalore,0.0723291842599835,0.0622465747246157,0.0543620375769778,4,80.0,0.03652076355042155,4,80.0,0.035808420709561944
Location_Meerut,0.0165280199774125,0.0115109774727652,0.0141352524241611,2,40.0,0.002355217603992028,1,20.0,0.014172802373420472
Location_Mohali,0.0431140424081865,0.0361940171033811,0.024280783167327,4,80.0,0.019492274806322128,4,80.0,0.02362176760186437
Location_Mumbai,0.0146663672054456,0.0096171053873673,0.0113394494813406,5,100.0,0.009190100714460997,5,100.0,0.005476266490984602
Location_Nashik,0.0901320094383567,0.0718237450415142,0.0545914688530598,5,100.0,0.039594008306376105,4,80.0,0.05053800113198059
Location_Navi Mumbai,0.0264616208079462,0.0283897088936564,0.0255334733047931,4,80.0,0.017210703149566218,4,80.0,0.009250917658379983
Location_Noida,0.02618308106202,0.0146266096268018,0.00400055332586,3,60.0,0.0,0,0.0,0.02618308106202
Location_Patna,0.0234907142738156,0.0190475578766763,0.0168941256721524,3,60.0,0.011968158055463815,3,60.0,0.011522556218351786
Location_Pune,0.0186778278498745,0.0123489182729317,0.0116534550166758,5,100.0,0.010270870066588847,5,100.0,0.008406957783285655
Location_Raipur,0.0179554281081313,0.0129181200728544,0.0034296828815383,3,60.0,0.0002690758462075414,1,20.0,0.01768635226192376
Location_Ranchi,0.0262487843329461,0.0148637465424848,0.0112052562901598,5,100.0,0.007929045517647152,5,100.0,0.01831973881529895
Location_Surat,0.0547678385122654,0.0459668261763065,0.0312830139843085,4,80.0,0.02032942847048652,4,80.0,0.03443841004177888
Location_Thane,0.0414694729983747,0.030091912712429,0.0230250001929497,2,40.0,0.014938919141798662,1,20.0,0.02653055385657604
Location_Udupi,0.0305018510500927,0.0355285369859499,0.0460862883785846,5,100.0,0.03990874101144448,5,100.0,-0.009406889961351781
Location_Varanasi,0.0176926854856188,0.0200261354522643,0.0289987265882344,5,100.0,0.023449723380742336,5,100.0,-0.005757037895123537
Location_Zirakpur,0.0166993711492119,0.0261683174967235,0.0316020517779393,5,100.0,0.027394070944477312,4,80.0,-0.010694699795265411
Location_infrequent_sklearn,0.0123454066792681,0.0123534796828561,0.0188535006244434,5,100.0,0.01486698940510763,5,100.0,-0.0025215827258395305
Color_Black,0.0832655765514142,0.0378864818513771,0.0297363006526808,4,80.0,0.021813293536177773,4,80.0,0.06145228301523643
Color_Blue,0.0708235255097373,0.019091877787174,0.0179990421439187,5,100.0,0.013112699813283807,5,100.0,0.0577108256964535
Color_Bronze,0.0816898382704512,0.032595833189564,0.0313833989861098,5,100.0,0.02986748013022843,4,80.0,0.05182235814022278
Color_Brown,0.0740867634111096,0.0243979982835405,0.0128023978524929,4,80.0,0.00646062107619745,3,60.0,0.06762614233491215
Color_Gold,0.0748260134690701,0.01825144917279,0.0170237171472673,5,100.0,0.01332962238689343,4,80.0,0.061496391082176666
Color_Green,0.0566082047862857,0.0264793831013653,0.0116507783786066,3,60.0,0.007751261049120863,1,20.0,0.048856943737164836
Color_Grey,0.0697850078294984,0.0215421773841576,0.0159173113199795,4,80.0,0.009307518287680448,4,80.0,0.06047748954181795
Color_Maroon,0.0781247941411316,0.0500339230118812,0.0413665430075374,2,40.0,0.03502262206544162,2,40.0,0.04310217207568998
Color_Orange,0.0627754578719691,0.0108957321540772,0.0159353972328212,5,100.0,0.008408922074393232,3,60.0,0.05436653579757587
Color_Others,0.0620155918939386,0.0269736386655102,0.0314920586789821,2,40.0,0.020585423142211373,1,20.0,0.041430168751727225
Color_Red,0.0628005851111298,0.0202480203549733,0.0081611033100274,4,80.0,0.0067878148110611086,4,80.0,0.056012770300068696
Color_Silver,0.0789325098750261,0.0266391785339888,0.0230713592819729,4,80.0,0.017398126105969348,5,100.0,0.06153438376905676
Color_White,0.0709264176528727,0.018879653273712,0.0114583335542351,5,100.0,0.0076335970158661936,3,60.0,0.06329282063700652
Color_Yellow,0.2053410719120111,0.1387187291806086,0.1211189088559082,5,100.0,0.07547300648011175,4,80.0,0.12986806543189933
Color_infrequent_sklearn,0.0987801692542435,0.0586760660049869,0.0623782582357788,4,80.0,0.03829564391900196,4,80.0,0.06048452533524154
Owner_Second,0.00989005377638,0.0089888938859259,0.0088038628378816,5,100.0,0.006814112793584321,5,100.0,0.0030759409827956783
Owner_Third,0.0288206121017741,0.0276019322130067,0.0280342669399949,5,100.0,0.024418054186621754,5,100.0,0.004402557915152344
Owner_UnRegistered Car,0.0523344667210236,0.0499720722321179,0.0498377876593304,5,100.0,0.04247440679826262,5,100.0,0.009860059922760976
Owner_infrequent_sklearn,0.0727445776037764,0.0666190165536977,0.0764684277100622,5,100.0,0.07564011283293993,5,100.0,-0.00289553522916354
Seller Type_Corporate,0.0709059457776109,0.0560098319433133,0.0376695244205613,4,80.0,0.031141629768301066,4,80.0,0.03976431600930984
Seller Type_Individual,0.0538610556104046,0.0370915053001984,0.013479873004763,3,60.0,0.006620381280952432,1,20.0,0.04724067432945217
Drivetrain_FWD,0.0130500823158554,0.0138602261696937,0.010374106624365,5,100.0,0.010272850646445921,4,80.0,0.002777231669409479
Drivetrain_Missing,0.048228354390392,0.0473063922664196,0.0446878186590055,4,80.0,0.04009921857147144,4,80.0,0.008129135818920559
Drivetrain_RWD,0.0090498449227919,0.009184815915331,0.0075534485987914,5,100.0,0.007339745983100553,5,100.0,0.0017100989396913466
