Feature,Linear Coefficient SD,Ridge Coefficient SD,Lasso Coefficient SD,Lasso Folds Selected,Lasso Selection Frequency (%)
Kilometer,0.03139830915482026,0.03113050909421763,0.03108261595911953,5,100.0
Length,0.020717221392951218,0.019547397411985103,0.020046061837092698,5,100.0
Width,0.01140660252984527,0.011002387700952292,0.011326641572999216,5,100.0
Height,0.012550732548250999,0.012802206214266296,0.011742757752298813,5,100.0
Seating Capacity,0.014344884947080387,0.014965238393931758,0.014597216153246915,5,100.0
Fuel Tank Capacity,0.0094369525158171,0.008936165989707848,0.009062973292421275,5,100.0
Vehicle_Age,0.006221964475896345,0.005647326444113553,0.005340133578478809,5,100.0
Engine_CC,0.014795054093229428,0.013368972383550747,0.013465982486103105,5,100.0
Power_BHP,0.024801723482285213,0.023126028221472812,0.023128657497967272,5,100.0
Power_RPM,0.030207045781554445,0.028770635621564636,0.028049756978215698,5,100.0
Torque_NM,0.015708508252938236,0.014769073042108725,0.014367455948148436,5,100.0
Torque_RPM_Clean,0.008381992399632766,0.008300169380650261,0.00806269915534218,5,100.0
missingindicator_Length,0.0032742870991742763,0.0030285502853637306,0.009350088059488074,4,80.0
missingindicator_Width,0.0032742870991742763,0.0030285502853637306,5.099288317603251e-15,2,40.0
missingindicator_Height,0.0032742870991742763,0.0030285502853637306,1.5901150725178129e-16,2,40.0
missingindicator_Seating Capacity,0.0032742870991742763,0.0030285502853637306,1.0390199085214096e-17,2,40.0
missingindicator_Fuel Tank Capacity,0.007854378700928406,0.008244336979047204,0.007539854911051364,5,100.0
missingindicator_Engine_CC,0.012828801156497217,0.012702682616998561,0.0160593823669377,4,80.0
missingindicator_Power_BHP,0.012828801156497217,0.012702682616998561,3.4804800302716645e-14,4,80.0
missingindicator_Power_RPM,0.05324102032600907,0.052864677018818605,0.05178570938885403,4,80.0
missingindicator_Torque_NM,0.012828801156497217,0.012702682616998561,0.03665413454188616,4,80.0
missingindicator_Torque_RPM_Clean,0.012828801156497217,0.012702682616998561,3.582113266582237e-14,4,80.0
Make_BMW,0.017856358613428346,0.01530170458703904,0.017073018224939698,5,100.0
Make_Chevrolet,0.10807446256938048,0.16746821452856275,0.15202327716558003,5,100.0
Make_Datsun,0.05258675933842389,0.051441647078674255,0.05588628117482586,5,100.0
Make_Ford,0.03261317665087563,0.028961049573550605,0.03266025033118697,5,100.0
Make_Honda,0.02897338812053437,0.02953440727706796,0.03138758507761562,5,100.0
Make_Hyundai,0.02139667385178219,0.01601916675126774,0.021643683042978937,5,100.0
Make_Jaguar,0.10078922421581724,0.09678619396172031,0.10050943660891441,5,100.0
Make_Jeep,0.035355925558708944,0.026968487149697365,0.030673343289342615,5,100.0
Make_Kia,0.043880213909788225,0.035965130228414945,0.04009063258160127,5,100.0
Make_Land Rover,0.03652716197144081,0.028559847878164832,0.033816965581021756,5,100.0
Make_MG,0.020577611470719702,0.024762141688452605,0.019125251623164214,5,100.0
Make_MINI,0.2178689984270258,0.2165693285644755,0.2280574272970167,4,80.0
Make_Mahindra,0.04102254835546652,0.03429047225677493,0.04132386563262927,5,100.0
Make_Maruti Suzuki,0.03272519253168628,0.02929555736990519,0.034225069773135074,5,100.0
Make_Mercedes-Benz,0.025200871815134286,0.02361944239482529,0.025070300640498085,5,100.0
Make_Nissan,0.0178785578300975,0.025657489269236552,0.023011631345836416,5,100.0
Make_Porsche,0.21319965651346817,0.20325959146046182,0.2171721007202892,5,100.0
Make_Renault,0.026197467466432787,0.02144615592539295,0.028379112812439173,5,100.0
Make_Skoda,0.03283096050085071,0.03292724016870406,0.03398369596843142,5,100.0
Make_Tata,0.0164752462578836,0.01494204461043714,0.01518395527317756,5,100.0
Make_Toyota,0.012495831583173495,0.007548543143296765,0.01066618559696168,5,100.0
Make_Volkswagen,0.031222979917971995,0.028132549819239898,0.03243923812280136,5,100.0
Make_Volvo,0.06533786253974534,0.0541712727565014,0.03474067841571697,3,60.0
Make_infrequent_sklearn,0.08671883184014563,0.08450249412106459,0.0758441734834732,5,100.0
Model_5-Series 520d Luxury Line [2017-2019],0.052877737301376834,0.023241485615778858,0.023745805731858274,5,100.0
Model_A6 2.0 TDI Premium,0.078518587787683,0.027877026684233974,0.029618771169246494,5,100.0
Model_A6 35 TDI Matrix,0.047033539808428594,0.02014056058112735,0.016570247552819942,4,80.0
Model_Alto 800 Lxi,0.061119336368913334,0.027311647207905403,0.020254194282571848,3,60.0
Model_Alto VXi,0.07216873069485713,0.010288234087544854,0.0039152215973133255,1,20.0
Model_Baleno Delta 1.2,0.07037892031885895,0.037256295075879124,0.02810494702728061,3,60.0
Model_Baleno Zeta 1.2,0.045288665223662344,0.023383656360113695,0.02492763111266889,4,80.0
Model_Celerio VXi AMT,0.06501807765012392,0.016084163381637352,0.0,0,0.0
Model_City 1.5 S MT,0.0613266406077219,0.017315474702070233,0.015201882322666933,5,100.0
Model_City 1.5 V AT,0.045228921680440126,0.05473893043744371,0.06800377752923814,4,80.0
Model_City V,0.08304400484968297,0.020015473633270248,0.006114886231978568,1,20.0
Model_Creta 1.6 SX Plus AT Petrol,0.06845635861074416,0.00835032449761001,0.006310080306731721,5,100.0
Model_Creta SX 1.6 AT Petrol,0.07992399205556301,0.02454563623497554,0.003573225735624502,1,20.0
Model_E-Class E 220d Exclusive [2019-2019],0.08950752096282294,0.03682817648853134,0.04334624112864875,5,100.0
Model_Fortuner 2.8 4x2 AT [2016-2020],0.06589065799157073,0.021023770796181528,0.025916025899177856,5,100.0
Model_Fortuner 2.8 4x4 AT [2016-2020],0.08963808323809504,0.029019575465255677,0.03404569387999696,5,100.0
Model_Fortuner 3.0 4x2 AT,0.08626981382289006,0.03790591046973797,0.029761090057095395,2,40.0
Model_Fortuner 3.0 4x4 MT,0.07706834247660155,0.03480242348584034,0.03799552024187151,5,100.0
Model_GLA 200 d Sport,0.07988964594366632,0.022105370694304308,0.0,0,0.0
Model_GLC 220 d Progressive,0.08901644692016128,0.04513979340636503,0.04799631727634495,5,100.0
Model_GLE 250 d,0.046432307579003185,0.02626852728033129,0.014143621157630489,1,20.0
Model_GLE 300d 4MATIC LWB,0.09445158748686552,0.03351126217404,0.006208363652279651,1,20.0
Model_Grand i10 Asta 1.2 Kappa VTVT [2013-2016],0.038538471270343336,0.04513688555774302,0.024233955665830115,2,40.0
Model_Grand i10 Magna 1.2 Kappa VTVT [2013-2016],0.07219033679592914,0.024942372780220528,0.02449727031771266,5,100.0
Model_Innova 2.8 ZX AT 7 STR [2016-2020],0.10298548985959569,0.04357908919335069,0.05257853836763951,5,100.0
Model_Kwid 1.0 RXT [2016-2019],0.10352493272835675,0.03401353021996018,0.041146793047397386,4,80.0
Model_Kwid RXT [2015-2019],0.1062782756841387,0.0450929699492386,0.02299115244412239,2,40.0
Model_Q3 35 TDI Premium + Sunroof,0.10634929945228987,0.04167200386749785,0.04810477640018086,5,100.0
Model_Scorpio S10,0.06255909741863751,0.04973861175555828,0.07004807187543004,5,100.0
Model_Swift DZire VDI,0.07514473532548022,0.02051295232952328,0.014794505518795957,3,60.0
Model_Swift DZire VXI,0.07721053121988307,0.023376786319699375,0.02866874509766141,5,100.0
Model_Swift VDi,0.04833256631138138,0.02595380924722752,0.029006791952511893,5,100.0
Model_Swift VXi,0.07342712772100472,0.016939488939747407,0.01454103608841551,5,100.0
Model_Swift VXi [2014-2017],0.08222475750236868,0.023240043639301065,0.01635253489114683,1,20.0
Model_V40 D3 R-Design,0.13814212092029848,0.060754248976961064,0.041668617176627315,2,40.0
Model_Verna 1.6 CRDI SX,0.08663316054040307,0.024641272791441855,0.03227023794542165,5,100.0
Model_Verna Fluidic 1.6 CRDi SX,0.06052220255962019,0.012547474966535214,0.01603430058791475,5,100.0
Model_Vitara Brezza VDi (O) [2016-2018],0.10189739790157569,0.03289902547725143,0.006911868990742931,1,20.0
Model_Vitara Brezza ZDi,0.09131879093850645,0.029064218928662223,0.027595432140792648,5,100.0
Model_Wagon R LXI CNG (O),0.0936197211333289,0.042081502806181635,0.02385663060774799,2,40.0
Model_Wagon R LXi,0.07077625927003671,0.05752583553395494,0.0692072918484354,5,100.0
Model_Wagon R VXI,0.08566035475267048,0.022528954494222354,0.0011114260864263802,1,20.0
Model_X1 sDrive20d xLine,0.06686028474212878,0.026564195402578813,0.02961287250375279,5,100.0
Model_i10 Magna 1.2 Kappa2,0.08076233785196248,0.022287993275845634,0.02303791414239438,5,100.0
Model_i20 Magna 1.2,0.08343424326836207,0.07789576168142545,0.0886715096768135,5,100.0
Model_infrequent_sklearn,0.07305464905905558,0.010739706239511794,0.007677168463019564,5,100.0
Fuel Type_Diesel,0.05584142851566836,0.05091065225659142,0.05180122011422059,4,80.0
Fuel Type_Electric,0.13635556489316497,0.11373580811649525,0.09388133508520313,3,60.0
Fuel Type_Petrol,0.032993266153103794,0.030561383983999265,0.02769162407335087,5,100.0
Fuel Type_infrequent_sklearn,0.056728505317530896,0.05428725346579934,0.05772244697572061,5,100.0
Transmission_Manual,0.014514131575906012,0.01326507739169176,0.012992307201839047,5,100.0
Location_Ahmedabad,0.020934990141314086,0.01686688671671329,0.013238774974280873,4,80.0
Location_Ambala Cantt,0.03780598000361593,0.031128079771946874,0.026800692925140552,5,100.0
Location_Bangalore,0.031130113430511957,0.020539309588178692,0.018122248770314833,5,100.0
Location_Bhopal,0.07261569697662956,0.0630515256708806,0.04168660092174005,5,100.0
Location_Chandigarh,0.018714991792872542,0.01933259581723242,0.018298606407579493,4,80.0
Location_Chennai,0.013489679232860138,0.012741216136667732,0.02022066981512135,5,100.0
Location_Coimbatore,0.021811969641491756,0.013831852909763423,0.01601995932238069,5,100.0
Location_Dehradun,0.047048630262754056,0.05165061712127441,0.05326226647992579,4,80.0
Location_Delhi,0.0120643224212598,0.00610480489444509,0.008984460937797553,3,60.0
Location_Faridabad,0.018278479822508888,0.009881887388080737,0.005072346295779783,5,100.0
Location_Gurgaon,0.023932583618333333,0.021317239243162586,0.02487089605895236,5,100.0
Location_Guwahati,0.030199677475591997,0.021768396624838652,0.024113044253945073,5,100.0
Location_Hyderabad,0.02437412971307286,0.017118670314510146,0.017213979909593453,5,100.0
Location_Indore,0.04644172987932567,0.04486120822090723,0.042533495067064914,5,100.0
Location_Jaipur,0.023701875845469365,0.01699072148321156,0.0131836999478822,5,100.0
Location_Jalandhar,0.042231600967492705,0.03227329000427046,0.024295268861601542,3,60.0
Location_Jamshedpur,0.04043092690418328,0.038449694392325685,0.03925871193793413,4,80.0
Location_Kanpur,0.02709997826226687,0.029910342964032624,0.031024289023550915,5,100.0
Location_Karnal,0.06337074189164318,0.046573849694398234,0.03215041765457098,4,80.0
Location_Kolkata,0.013959518709750787,0.008294696926592057,0.011424968009714617,5,100.0
Location_Lucknow,0.027696467571269343,0.025868553974540884,0.01675459193810553,4,80.0
Location_Ludhiana,0.020614780277203832,0.014481805983992931,0.01662318033744568,4,80.0
Location_Mangalore,0.07232918425998357,0.06224657472461574,0.05436203757697781,4,80.0
Location_Meerut,0.016528019977412527,0.011510977472765247,0.014135252424161174,2,40.0
Location_Mohali,0.04311404240818656,0.036194017103381194,0.024280783167327,4,80.0
Location_Mumbai,0.01466636720544563,0.009617105387367342,0.011339449481340613,5,100.0
Location_Nashik,0.09013200943835674,0.07182374504151427,0.05459146885305983,5,100.0
Location_Navi Mumbai,0.026461620807946284,0.02838970889365646,0.025533473304793157,4,80.0
Location_Noida,0.026183081062020094,0.01462660962680184,0.004000553325860027,3,60.0
Location_Patna,0.02349071427381565,0.019047557876676304,0.01689412567215248,3,60.0
Location_Pune,0.01867782784987457,0.012348918272931747,0.011653455016675892,5,100.0
Location_Raipur,0.0179554281081313,0.012918120072854403,0.003429682881538362,3,60.0
Location_Ranchi,0.026248784332946192,0.014863746542484827,0.011205256290159848,5,100.0
Location_Surat,0.054767838512265465,0.04596682617630652,0.031283013984308564,4,80.0
Location_Thane,0.04146947299837471,0.030091912712429097,0.02302500019294973,2,40.0
Location_Udupi,0.030501851050092708,0.035528536985949995,0.04608628837858465,5,100.0
Location_Varanasi,0.01769268548561884,0.020026135452264317,0.028998726588234425,5,100.0
Location_Zirakpur,0.01669937114921194,0.026168317496723582,0.0316020517779393,5,100.0
Location_infrequent_sklearn,0.012345406679268135,0.01235347968285612,0.018853500624443423,5,100.0
Color_Black,0.08326557655141424,0.03788648185137714,0.02973630065268089,4,80.0
Color_Blue,0.07082352550973739,0.019091877787174,0.017999042143918797,5,100.0
Color_Bronze,0.08168983827045127,0.032595833189564015,0.03138339898610981,5,100.0
Color_Brown,0.07408676341110965,0.02439799828354059,0.012802397852492925,4,80.0
Color_Gold,0.07482601346907011,0.018251449172790007,0.017023717147267383,5,100.0
Color_Green,0.05660820478628579,0.026479383101365366,0.011650778378606601,3,60.0
Color_Grey,0.06978500782949845,0.021542177384157608,0.015917311319979532,4,80.0
Color_Maroon,0.07812479414113162,0.050033923011881275,0.04136654300753749,2,40.0
Color_Orange,0.06277545787196911,0.010895732154077289,0.015935397232821287,5,100.0
Color_Others,0.06201559189393862,0.026973638665510242,0.03149205867898211,2,40.0
Color_Red,0.06280058511112986,0.02024802035497333,0.00816110331002742,4,80.0
Color_Silver,0.07893250987502616,0.02663917853398881,0.023071359281972965,4,80.0
Color_White,0.07092641765287278,0.018879653273712053,0.01145833355423514,5,100.0
Color_Yellow,0.2053410719120111,0.13871872918060862,0.12111890885590823,5,100.0
Color_infrequent_sklearn,0.09878016925424356,0.058676066004986996,0.06237825823577886,4,80.0
Owner_Second,0.009890053776380033,0.00898889388592592,0.00880386283788167,5,100.0
Owner_Third,0.02882061210177415,0.027601932213006712,0.0280342669399949,5,100.0
Owner_UnRegistered Car,0.05233446672102369,0.04997207223211792,0.04983778765933045,5,100.0
Owner_infrequent_sklearn,0.0727445776037764,0.06661901655369779,0.07646842771006221,5,100.0
Seller Type_Corporate,0.07090594577761097,0.05600983194331331,0.037669524420561346,4,80.0
Seller Type_Individual,0.05386105561040461,0.03709150530019846,0.013479873004763034,3,60.0
Drivetrain_FWD,0.013050082315855471,0.01386022616969377,0.010374106624365073,5,100.0
Drivetrain_Missing,0.04822835439039205,0.04730639226641963,0.0446878186590055,4,80.0
Drivetrain_RWD,0.009049844922791912,0.009184815915331044,0.007553448598791421,5,100.0
