Make,Model,Year,Kilometer,Location,Actual Price,Predicted Price,Residual,Absolute Error,Percentage Error,Error Direction
Ferrari,488 GTB,2018,9500,Delhi,35000000,20360771.410547487,14639228.589452513,14639228.589452513,41.82636739843575,Underprediction
Mercedes-Benz,S-Class S 350D [2018-2020],2021,5000,Pune,18500000,10206652.829723002,8293347.170276998,8293347.170276998,44.828903623118904,Underprediction
Mercedes-Benz,C-Coupe 43 AMG 4MATIC,2020,19000,Chennai,7000000,11293372.261213992,-4293372.261213992,4293372.261213992,61.33388944591417,Overprediction
Porsche,718 Boxster,2018,20000,Delhi,9500000,5516553.89355869,3983446.1064413097,3983446.1064413097,41.931011646750626,Underprediction
Porsche,718 Cayman [2017-2020],2017,7000,Faridabad,9000000,5147931.876448592,3852068.123551408,3852068.123551408,42.800756928348974,Underprediction
Porsche,Cayenne Base,2021,7534,Mumbai,14900000,18466365.679862197,-3566365.6798621975,3566365.6798621975,23.93534013330334,Overprediction
Porsche,Panamera 3.0 Diesel,2015,33000,Delhi,5590000,2264485.3370633577,3325514.6629366423,3325514.6629366423,59.49042330834781,Underprediction
Maserati,Levante Diesel,2017,40000,Chennai,9000000,5910200.883271615,3089799.116728385,3089799.116728385,34.331101296982055,Underprediction
Audi,Q7 45 TDI Technology Pack,2018,39850,Surat,6700000,4261900.679535637,2438099.3204643633,2438099.3204643633,36.389542096483034,Underprediction
Volvo,XC90 D5 Inscription,2021,32500,Ahmedabad,8500000,6478263.13701526,2021736.8629847402,2021736.8629847402,23.785139564526357,Underprediction
Mercedes-Benz,GLC 220d 4MATIC Progressive [2019-2021],2020,13000,Mumbai,6500000,4637326.638252272,1862673.3617477277,1862673.3617477277,28.656513257657352,Underprediction
Audi,Q8 Celebration,2021,28000,Hyderabad,9900000,11761682.746645104,-1861682.7466451041,1861682.7466451041,18.804876228738426,Overprediction
Lexus,NX 300h Luxury [2017-2020],2018,54500,Delhi,4375000,2810970.681082804,1564029.3189171958,1564029.3189171958,35.74924157525019,Underprediction
Mercedes-Benz,GLE 250 d,2016,16000,Karnal,5400000,4003656.3082353906,1396343.6917646094,1396343.6917646094,25.858216514159434,Underprediction
Isuzu,MU-X 4x2,2018,75592,Hyderabad,2100000,3481900.2146744495,-1381900.2146744495,1381900.2146744495,65.80477212735474,Overprediction
Mercedes-Benz,GLC 200 Progressive,2022,2000,Karnal,6975000,5706270.446009817,1268729.5539901834,1268729.5539901834,18.18967102494887,Underprediction
BMW,X5 xDrive 30d M Sport,2017,83985,Pune,5900000,4785534.4386647865,1114465.5613352135,1114465.5613352135,18.889246802291755,Underprediction
BMW,5-Series 530d M Sport [2013-2017],2018,27600,Hyderabad,6000000,4975683.041393022,1024316.958606978,1024316.958606978,17.0719493101163,Underprediction
BMW,X5 xDrive 30d,2018,24690,Mumbai,5811000,4859104.32333427,951895.6766657298,951895.6766657298,16.38092714964257,Underprediction
Toyota,Innova 2.8 GX AT 8 STR [2016-2020],2019,42794,Bangalore,2196000,3137135.672743502,-941135.6727435021,941135.6727435021,42.85681569870228,Overprediction
Mercedes-Benz,S-Class 280 AT,2000,65000,Dehradun,1200000,273409.6826802533,926590.3173197467,926590.3173197467,77.21585977664556,Underprediction
Lexus,ES 300h,2017,31059,Bangalore,3900000,3007557.136962569,892442.8630374311,892442.8630374311,22.883150334293106,Underprediction
Porsche,911 Carrera 4,2019,9000,Pune,9300000,8450984.665786067,849015.334213933,849015.334213933,9.129197142085301,Underprediction
Mercedes-Benz,S-Class 350,2009,75000,Chennai,1500000,2288773.8188666594,-788773.8188666594,788773.8188666594,52.584921257777296,Overprediction
Audi,Q7 35 TDI Premium + Sunroof,2014,95000,Lucknow,2200000,2905130.331640287,-705130.3316402868,705130.3316402868,32.05137871092213,Overprediction
Mercedes-Benz,C-Class C220d Progressive,2022,500,Delhi,6100000,5397546.43923907,702453.5607609302,702453.5607609302,11.515632143621806,Underprediction
BMW,X3 xDrive30i M Sport,2022,18223,Ahmedabad,6680000,7375360.507836041,-695360.507836041,695360.507836041,10.409588440659297,Overprediction
Toyota,Innova ZX 2.4 AT 7 STR,2022,16000,Ludhiana,2850000,3507536.7182199457,-657536.7182199457,657536.7182199457,23.07146379719108,Overprediction
MINI,Cooper D 5 Door,2015,34303,Bangalore,2500000,1844661.2085873974,655338.7914126026,655338.7914126026,26.21355165650411,Underprediction
Audi,A4 1.8 TFSI Multitronic Premium Plus,2021,17000,Mumbai,4250000,3595874.1326554553,654125.8673445447,654125.8673445447,15.39119687869517,Underprediction
Land Rover,Evoque Pure SD4,2012,95000,Coimbatore,2150000,2774194.482324379,-624194.482324379,624194.482324379,29.03230150345949,Overprediction
Mahindra,Scorpio S5,2022,12000,Delhi,1550000,2134429.099512613,-584429.0995126129,584429.0995126129,37.705103194362124,Overprediction
Mercedes-Benz,E-Class E 220 d Avantgarde,2021,8000,Bangalore,7500000,6928857.903272161,571142.0967278387,571142.0967278387,7.615227956371183,Underprediction
Mercedes-Benz,E-Class E250 Elegance,2011,78000,Ludhiana,980000,1542306.4319684869,-562306.4319684869,562306.4319684869,57.378207343723155,Overprediction
BMW,5-Series 520d Luxury Line [2017-2019],2017,51800,Navi Mumbai,2750000,3311193.651870986,-561193.651870986,561193.651870986,20.407041886217673,Overprediction
BMW,5-Series 520d Sedan,2010,112000,Pune,750000,1298461.0199220432,-548461.0199220432,548461.0199220432,73.12813598960575,Overprediction
Mercedes-Benz,C-Class C 220d Progressive [2018-2019],2019,8000,Delhi,4150000,3601771.694579325,548228.3054206748,548228.3054206748,13.210320612546381,Underprediction
BMW,X5 xDrive 30d M Sport,2015,87000,Mohali,2975000,3521184.115613216,-546184.1156132161,546184.1156132161,18.359129936578693,Overprediction
BMW,5-Series 520d Luxury Line [2017-2019],2019,31000,Delhi,4800000,4287937.954145639,512062.0458543608,512062.0458543608,10.667959288632517,Underprediction
Maruti Suzuki,Alto VXI,2019,17491,Kolkata,316000,823985.4613363646,-507985.4613363646,507985.4613363646,160.7548928279635,Overprediction
Toyota,Fortuner 2.8 4x2 AT [2016-2020],2016,93000,Mohali,2800000,2292304.6983613186,507695.30163868144,507695.30163868144,18.13197505852434,Underprediction
MG,Gloster Sharp 6 STR 2.0 Twin Turbo 4WD,2021,40000,Delhi,3950000,3446287.6998935197,503712.30010648025,503712.30010648025,12.75221012927798,Underprediction
Audi,Q7 3.0 TDI quattro Premium Plus,2014,48600,Nashik,2450000,2946542.889215685,-496542.88921568496,496542.88921568496,20.267056702681018,Overprediction
MINI,Cooper D 5 Door,2014,24000,Ludhiana,1950000,1456419.987403686,493580.0125963141,493580.0125963141,25.311795517759695,Underprediction
Mercedes-Benz,GLE 250 d,2018,50500,Dehradun,5400000,4925213.191743582,474786.80825641844,474786.80825641844,8.792348301044786,Underprediction
BMW,X5 xDrive 30d Expedition,2017,35000,Delhi,4800000,4335495.641438617,464504.3585613826,464504.3585613826,9.677174136695472,Underprediction
Toyota,Innova 2.4 VX 7 STR [2016-2020],2017,112000,Hyderabad,2100000,1636339.6845617245,463660.31543827546,463660.31543827546,22.07906263991788,Underprediction
MG,ZS EV Exclusive [2020-2021],2020,38500,Delhi,2100000,1638108.1848876772,461891.8151123228,461891.8151123228,21.99484833868204,Underprediction
Skoda,Superb L&K TDI AT,2017,82900,Coimbatore,2500000,2041695.998714278,458304.001285722,458304.001285722,18.33216005142888,Underprediction
BMW,5-Series 525d Luxury Plus,2013,70000,Mumbai,1600000,2055133.0931885866,-455133.09318858664,455133.09318858664,28.445818324286666,Overprediction
Mitsubishi,Pajero SFX 2.8,2011,40000,Mirzapur,625000,1068395.6110539087,-443395.6110539087,443395.6110539087,70.94329776862538,Overprediction
BMW,3-Series 320d Luxury Line,2013,102000,Bangalore,1375000,1813026.7219565038,-438026.7219565038,438026.7219565038,31.856488869563915,Overprediction
Mercedes-Benz,A-Class Sedan 200,2021,9000,Chennai,4100000,4530212.88277117,-430212.88277116977,430212.88277116977,10.492997140760238,Overprediction
Toyota,Camry 2.5L AT,2017,47000,Delhi,2345000,1915104.2567991714,429895.74320082855,429895.74320082855,18.3324410746622,Underprediction
Audi,A3 40 TFSI Premium Plus + sunroof,2018,43290,Pune,2450000,2879673.7526724227,-429673.7526724227,429673.7526724227,17.53770419071113,Overprediction
Mercedes-Benz,A-Class Sedan 200,2021,6000,Delhi,4150000,3722970.0151827647,427029.98481723526,427029.98481723526,10.289879152222536,Underprediction
BMW,X3 xDrive20d,2012,65000,Delhi,1090000,1516777.4531744106,-426777.4531744106,426777.4531744106,39.15389478664318,Overprediction
Skoda,Superb Sportline AT,2021,13092,Mumbai,3325000,2901492.165636719,423507.8343632808,423507.8343632808,12.737077725211451,Underprediction
BMW,5-Series 520d Luxury Line,2015,70000,Coimbatore,2550000,2968624.905331184,-418624.90533118416,418624.90533118416,16.416662954164085,Overprediction
Skoda,Superb L&K TSI AT,2021,21651,Mumbai,3195000,2781034.132128921,413965.8678710791,413965.8678710791,12.956678180628456,Underprediction
BMW,5-Series 520d Luxury Line [2017-2019],2015,69000,Delhi,2149000,2560156.541392289,-411156.5413922891,411156.5413922891,19.132458882842677,Overprediction
Land Rover,Discovery Sport SE,2018,38000,Thane,4950000,4540256.382999093,409743.6170009067,409743.6170009067,8.277648828301146,Underprediction
BMW,5-Series 520d Luxury Line,2014,69000,Jalandhar,1750000,2151454.398799228,-401454.398799228,401454.398799228,22.940251359955887,Overprediction
Audi,A6 2.0 TDI Premium Plus,2014,58000,Delhi,1450000,1826802.6283220353,-376802.6283220353,376802.6283220353,25.98638816014037,Overprediction
Porsche,Cayenne Diesel,2015,58000,Chandigarh,5350000,4975677.350438317,374322.6495616827,374322.6495616827,6.996685038536126,Underprediction
Land Rover,Discovery Sport HSE Luxury,2016,55000,Pune,3200000,3572194.0697877044,-372194.0697877044,372194.0697877044,11.631064680865762,Overprediction
Hyundai,Creta SX 1.5 Diesel [2020-2022],2020,7000,Ahmedabad,1650000,1291944.8036415468,358055.19635845325,358055.19635845325,21.70031493081535,Underprediction
Volvo,XC40 D4 R-Design,2018,52000,Bangalore,3950000,3593501.8803464817,356498.1196535183,356498.1196535183,9.025268851987805,Underprediction
Mercedes-Benz,E-Class E 250 CDI Avantgarde,2015,48000,Mumbai,2250000,2602619.6003559683,-352619.60035596834,352619.60035596834,15.671982238043036,Overprediction
Toyota,Fortuner 3.0 4x2 MT,2012,98352,Patna,1375000,1022569.4705716707,352430.5294283293,352430.5294283293,25.631311231151223,Underprediction
Mercedes-Benz,E-Class E 220 d Avantgarde,2019,10000,Chennai,5950000,5597860.001212215,352139.99878778495,352139.99878778495,5.91831930735773,Underprediction
Toyota,Innova ZX 2.4 AT 7 STR,2021,38000,Mumbai,3000000,3347175.93344166,-347175.9334416599,347175.9334416599,11.572531114721997,Overprediction
BMW,X1 sDrive20i xLine,2022,13120,Pune,4700000,5046679.455817438,-346679.45581743773,346679.45581743773,7.376158634413568,Overprediction
Land Rover,Discovery Sport SE R-Dynamic,2020,54200,Indore,5995000,6340174.200764172,-345174.2007641718,345174.2007641718,5.757701430595025,Overprediction
Audi,A6 3.0 TDI quattro Premium,2012,240000,Lucknow,1650000,1993363.6630309797,-343363.6630309797,343363.6630309797,20.809918971574525,Overprediction
BMW,X5 xDrive 30d,2018,75000,Delhi,4690000,4348795.542293448,341204.457706552,341204.457706552,7.275148351952068,Underprediction
BMW,X3 20d M Sport,2017,63651,Bangalore,4195000,3859086.8420604486,335913.1579395514,335913.1579395514,8.00746502835641,Underprediction
Kia,Carnival Limousine Plus 7 STR,2020,72000,Chandigarh,2950000,3285439.672053589,-335439.672053589,335439.672053589,11.370836340799627,Overprediction
Honda,City VX CVT Petrol,2022,32000,Delhi,1390000,1719517.8112731918,-329517.8112731918,329517.8112731918,23.706317357783586,Overprediction
MG,Hector Sharp 1.5 DCT Petrol Dual Tone,2021,33000,Ahmedabad,1750000,2078164.866521898,-328164.86652189796,328164.86652189796,18.7522780869656,Overprediction
Maruti Suzuki,Eeco 5 STR WITH HTR CNG [2018-2019],2021,8640,Bhopal,590000,915803.5467971559,-325803.54679715587,325803.54679715587,55.220940135111164,Overprediction
Hyundai,Verna 1.6 CRDI SX,2018,925000,Karnal,925000,600499.7904353865,324500.2095646135,324500.2095646135,35.08110373671497,Underprediction
Tata,Hexa XM 4x2 7 STR,2018,65000,Patna,850000,1173699.593683,-323699.59368299996,323699.59368299996,38.08230513917646,Overprediction
Mercedes-Benz,GLA 200 CDI Sport,2016,55000,Mumbai,2145000,1823439.7849339806,321560.21506601945,321560.21506601945,14.991152217530043,Underprediction
Skoda,Octavia 2.0 TDI L&K,2020,94182,Kanpur,1400000,1708461.7806244674,-308461.7806244674,308461.7806244674,22.0329843303191,Overprediction
BMW,X5 xDrive30d xLine,2017,80000,Thane,4250000,4553079.6775768185,-303079.6775768185,303079.6775768185,7.131286531219259,Overprediction
Land Rover,Discovery Sport HSE 7-Seater,2018,36000,Raipur,4200000,3911226.569996177,288773.4300038228,288773.4300038228,6.875557857233876,Underprediction
Hyundai,Grand i10 NIOS Sportz 1.2 Kappa VTVT,2022,2272,Hyderabad,755000,1041229.451926741,-286229.45192674105,286229.45192674105,37.91118568566107,Overprediction
Hyundai,Elite i20 Asta (O) 1.0 Turbo DCT,2021,10530,Bangalore,1245000,1520729.4799364202,-275729.4799364202,275729.4799364202,22.146946179632145,Overprediction
Hyundai,Venue SX 1.0 Turbo iMT,2022,3383,Mumbai,1085000,1354053.9864183152,-269053.9864183152,269053.9864183152,24.79760243486776,Overprediction
Toyota,Fortuner 3.0 4x2 MT,2012,97000,Jalandhar,1225000,958845.9978374685,266154.0021625315,266154.0021625315,21.726857319390326,Underprediction
Mahindra,XUV500 W10,2016,75811,Bangalore,1375000,1110179.2171629465,264820.7828370535,264820.7828370535,19.259693297240258,Underprediction
Land Rover,Discovery Sport HSE Luxury 7-Seater,2020,32368,Chennai,6900000,7164790.732688014,-264790.7326880144,264790.7326880144,3.8375468505509334,Overprediction
Maruti Suzuki,Ertiga VDI SHVS,2016,39000,Hyderabad,969999,708402.8604100278,261596.1395899722,261596.1395899722,26.96870198731877,Underprediction
MG,Hector Plus Smart 1.5 DCT Petrol,2021,19000,Mumbai,1925000,2182297.2557415734,-257297.2557415734,257297.2557415734,13.366091207354463,Overprediction
Mahindra,Scorpio 2.6 Turbo 7 Str,2007,92170,Ranchi,550000,293347.3286994123,256652.6713005877,256652.6713005877,46.66412205465231,Underprediction
Honda,Amaze 1.2 VX MT Petrol [2018-2020],2022,1000,Delhi,700000,953048.0946214144,-253048.09462141444,253048.09462141444,36.14972780305921,Overprediction
Audi,Q3 2.0 TDI quattro Premium Plus,2014,51000,Raipur,1300000,1549636.242637163,-249636.24263716303,249636.24263716303,19.202787895166388,Overprediction
Jeep,Compass Limited 1.4 Petrol AT [2017-2020],2017,70000,Chennai,1350000,1599529.9365210074,-249529.93652100745,249529.93652100745,18.483699001556104,Overprediction
Kia,Seltos GTX Plus 1.4 DCT,2020,7000,Bangalore,1850000,2096597.3800375124,-246597.3800375124,246597.3800375124,13.329588110135807,Overprediction
Skoda,Superb Elegance 1.8 TSI AT,2014,53000,Delhi,795000,1039766.8602685896,-244766.86026858957,244766.86026858957,30.788284310514413,Overprediction
Tata,Harrier XZ Plus,2020,10290,Bangalore,2145000,1905401.2269160748,239598.77308392525,239598.77308392525,11.170105971278566,Underprediction
Maruti Suzuki,Ciaz Zeta 1.3 Hybrid,2021,5000,Lucknow,1050000,1283317.1773291947,-233317.17732919473,233317.17732919473,22.2206835551614,Overprediction
Maruti Suzuki,Ciaz Delta 1.5 Diesel,2019,76000,Hyderabad,910000,1141057.9342510512,-231057.93425105116,231057.93425105116,25.390981785829798,Overprediction
Tata,Nexon XZA Plus Petrol,2018,8922,Bangalore,1085000,858353.0313422229,226646.96865777706,226646.96865777706,20.889121535278992,Underprediction
Mercedes-Benz,C-Class C 250 d,2016,48000,Delhi,2775000,2553258.9004870662,221741.09951293375,221741.09951293375,7.990670252718333,Underprediction
Volkswagen,Vento TSI,2017,51000,Rohtak,650000,870429.7665777677,-220429.76657776767,220429.76657776767,33.912271781195024,Overprediction
Toyota,Innova 2.4 G 7 STR [2016-2017],2016,82567,Bangalore,1825000,1610297.0481164984,214702.9518835016,214702.9518835016,11.764545308685019,Underprediction
Maruti Suzuki,Eeco 5 STR WITH A/C+HTR [2019-2020],2018,26807,Mumbai,328000,539487.8985071531,-211487.89850715315,211487.89850715315,64.4780178375467,Overprediction
Honda,WR-V VX MT Petrol,2018,27963,Delhi,819999,608794.83213782,211204.16786218004,211204.16786218004,25.75663724738445,Underprediction
Skoda,Rapid Ambition 1.6 TDI CR MT,2019,32809,Coimbatore,950000,1159896.682471337,-209896.68247133703,209896.68247133703,22.094387628561794,Overprediction
Maruti Suzuki,S-Presso VXi CNG,2022,3800,Delhi,610000,819639.3033308865,-209639.30333088653,209639.30333088653,34.36709890670271,Overprediction
Hyundai,Grand i10 Magna 1.2 Kappa VTVT [2016-2017],2015,58078,Mysore,550000,342998.21104979457,207001.78895020543,207001.78895020543,37.63668890003735,Underprediction
Mahindra,XUV500 W7 [2018-2020],2018,57000,Lucknow,1095000,1299544.5612753811,-204544.56127538113,204544.56127538113,18.67986860962385,Overprediction
Maruti Suzuki,Ertiga VXI CNG,2019,42000,Delhi,1025000,821759.0380552593,203240.96194474073,203240.96194474073,19.828386531194216,Underprediction
Jeep,Compass Longitude (O) 2.0 Diesel [2017-2020],2020,57000,Pune,1580000,1782558.488283691,-202558.488283691,202558.488283691,12.820157486309558,Overprediction
Mahindra,Thar AX 4-STR Convertible Petrol MT,2021,3813,Chennai,1700000,1900870.570003177,-200870.57000317704,200870.57000317704,11.815915882539826,Overprediction
Hyundai,Verna SX Plus 1.6 VTVT AT,2019,26894,Hyderabad,1149000,1345257.0480910505,-196257.04809105047,196257.04809105047,17.08068303664495,Overprediction
Maruti Suzuki,Vitara Brezza VXi,2021,48000,Bangalore,925000,1119190.888929026,-194190.88892902597,194190.88892902597,20.993609613948752,Overprediction
Mercedes-Benz,C-Class C 220d Progressive [2018-2019],2019,55000,Pune,3500000,3692300.075753995,-192300.07575399522,192300.07575399522,5.4942878786855776,Overprediction
Hyundai,Creta SX Plus 1.6  Petrol,2016,47000,Delhi,891000,698962.8979547812,192037.1020452188,192037.1020452188,21.55298563919403,Underprediction
Mercedes-Benz,E-Class E 220d Exclusive [2019-2019],2020,9500,Mumbai,6100000,6289568.999867206,-189568.99986720644,189568.99986720644,3.1076885224132202,Overprediction
Hyundai,Xcent E Plus CRDi,2018,65555,Varanasi,445000,634190.0431618374,-189190.04316183738,189190.04316183738,42.51461644086233,Overprediction
Mahindra,XUV500 W11 AT,2018,54154,Lucknow,1595000,1406389.9201089109,188610.07989108912,188610.07989108912,11.82508337875167,Underprediction
Audi,Q3 2.0 TDI quattro Premium,2012,72000,Hyderabad,1350000,1537000.8288689132,-187000.82886891323,187000.82886891323,13.851913249549128,Overprediction
Audi,A6 2.0 TDI Premium,2012,77000,Mumbai,1175000,1360507.0728296647,-185507.07282966468,185507.07282966468,15.787835985503376,Overprediction
Toyota,Innova 2.5 G BS IV 8 STR,2016,65321,Patna,944999,1124014.9677677162,-179015.96776771615,179015.96776771615,18.943508698709326,Overprediction
BMW,X1 sDrive20d Expedition,2017,22120,Delhi,2385000,2563629.1742993407,-178629.1742993407,178629.1742993407,7.489692842739652,Overprediction
Audi,Q3 2.0 TDI quattro Premium Plus,2015,79000,Ahmedabad,1513000,1691565.5639351977,-178565.56393519766,178565.56393519766,11.80208618210163,Overprediction
Maruti Suzuki,Swift ZXi Plus AMT,2021,24000,Agra,775000,952593.6771191645,-177593.6771191645,177593.6771191645,22.915313176666384,Overprediction
Mercedes-Benz,GLA 200 d Style,2018,90000,Mumbai,2500000,2323273.387403032,176726.6125969682,176726.6125969682,7.069064503878727,Underprediction
Tata,Harrier XZA Plus Dark Edition,2020,8000,Bhubaneswar,1995000,1819135.5135224862,175864.4864775138,175864.4864775138,8.815262480075878,Underprediction
Volkswagen,Vento Comfortline 1.6 (P),2018,38000,Dehradun,690000,863897.6447930088,-173897.6447930088,173897.6447930088,25.202557216378086,Overprediction
Tata,Hexa XTA 4x2 7 STR,2017,95785,Hyderabad,1200000,1373074.7867532913,-173074.78675329126,173074.78675329126,14.422898896107606,Overprediction
BMW,5-Series 520d Luxury Line [2017-2019],2018,23000,Pune,4500000,4329270.47009247,170729.52990753017,170729.52990753017,3.793989553500671,Underprediction
BMW,3-Series 320d Luxury Line,2018,68189,Jaipur,2775000,2945318.741340674,-170318.741340674,170318.741340674,6.137612300564829,Overprediction
Kia,Sonet GTX Plus 1.0 iMT [2020-2021],2021,20000,Bangalore,1325000,1493824.1183022556,-168824.11830225564,168824.11830225564,12.741442890736273,Overprediction
Honda,City V,2019,58618,Pune,875000,1043579.5335324615,-168579.5335324615,168579.5335324615,19.266232403709886,Overprediction
Hyundai,i20 Active 1.4 SX,2016,84000,Aurangabad,725000,557297.9774093418,167702.02259065816,167702.02259065816,23.131313460780436,Underprediction
Honda,WR-V VX MT Petrol,2018,45326,Mumbai,795000,627321.525167179,167678.47483282106,167678.47483282106,21.0916320544429,Underprediction
BMW,X5 xDrive 30d,2016,39000,Mumbai,3995000,3828055.921570357,166944.07842964306,166944.07842964306,4.178825492606835,Underprediction
Toyota,Innova 2.8 ZX AT 7 STR [2016-2020],2018,75000,Ahmedabad,1975000,2139513.913947105,-164513.91394710494,164513.91394710494,8.329818427701516,Overprediction
Kia,Sonet GTX Plus 1.0 DCT [2020-2021],2020,15000,Kolkata,1055000,1219379.2103872425,-164379.2103872425,164379.2103872425,15.580967809217297,Overprediction
Mahindra,XUV500 W5 [2018-2020],2018,50000,Zirakpur,1095000,1257589.8289913828,-162589.82899138285,162589.82899138285,14.848386209258708,Overprediction
Kia,Sonet GTX Plus 1.5 AT [2020-2021],2021,13000,Mumbai,1485000,1645422.8999857265,-160422.89998572646,160422.89998572646,10.802888887927708,Overprediction
MG,Hector Sharp 1.5 DCT Petrol [2019-2020],2020,27000,Panvel,1729000,1568836.9935785388,160163.00642146124,160163.00642146124,9.26333177683408,Underprediction
Audi,A4 2.0 TDI (143 bhp),2012,50000,Mumbai,1250000,1089914.3594688058,160085.64053119416,160085.64053119416,12.806851242495535,Underprediction
Maruti Suzuki,Baleno Alpha 1.3,2017,61000,Surat,690000,530833.7670937846,159166.23290621536,159166.23290621536,23.067569986408024,Underprediction
BMW,3-Series 320d Luxury Line,2013,104264,Hyderabad,1550000,1709092.7273160736,-159092.7273160736,159092.7273160736,10.264046923617652,Overprediction
Audi,A4 35 TDI Premium Plus,2019,48000,Chandigarh,3400000,3243793.8576301527,156206.14236984728,156206.14236984728,4.594298304995508,Underprediction
Hyundai,Venue SX 1.0 (O) Petrol [2019-2020],2019,27464,Bangalore,999000,1154765.6054855385,-155765.6054855385,155765.6054855385,15.592152701255104,Overprediction
Mahindra,Thar LX 4-STR Convertible Diesel AT,2020,30000,Bangalore,1864999,2018064.5469833375,-153065.5469833375,153065.5469833375,8.207272335445621,Overprediction
Honda,Accord 2.4 iVtec AT,2008,57885,Delhi,195000,346171.216527433,-151171.21652743302,151171.21652743302,77.52370078329899,Overprediction
Land Rover,Evoque HSE,2017,50000,Mumbai,3800000,3948994.1199838202,-148994.11998382024,148994.11998382024,3.9208978943110586,Overprediction
Maruti Suzuki,XL6 Alpha AT Petrol,2020,47248,Jaipur,1190000,1337874.9510124985,-147874.95101249847,147874.95101249847,12.426466471638527,Overprediction
Maruti Suzuki,Swift DZire VXI,2014,102000,Salem,525000,379906.6149783024,145093.3850216976,145093.3850216976,27.63683524222812,Underprediction
Ford,Aspire Titanium 1.2 Ti-VCT,2017,23000,Delhi,434999,577167.4910240903,-142168.49102409033,142168.49102409033,32.68248686182964,Overprediction
Nissan,Terrano XL D Plus,2014,55000,Lucknow,590000,449177.68849142716,140822.31150857284,140822.31150857284,23.86818839128353,Underprediction
Hyundai,i20 Sportz 1.2 (O),2011,45000,Delhi,275000,415431.7689400175,-140431.7689400175,140431.7689400175,51.06609779637,Overprediction
Honda,City V,2016,38000,Gurgaon,745000,606537.7110685662,138462.2889314338,138462.2889314338,18.58554213844749,Underprediction
Honda,City V,2018,37100,Mysore,949000,812871.1296088786,136128.87039112137,136128.87039112137,14.344454203490134,Underprediction
Volkswagen,Vento Highline Diesel AT,2015,85000,Pune,685000,820419.0545309578,-135419.05453095783,135419.05453095783,19.76920504101574,Overprediction
Hyundai,Creta SX 1.4 Turbo 7 DCT,2022,1300,Delhi,1911000,2045900.0445552839,-134900.04455528385,134900.04455528385,7.059133676362316,Overprediction
Ford,Ecosport Titanium+ 1.0L EcoBoost,2015,28000,Mumbai,535000,665521.5166416222,-130521.51664162218,130521.51664162218,24.396545166658353,Overprediction
Maruti Suzuki,Vitara Brezza ZDi Plus,2017,50000,Delhi,790000,659503.1680026443,130496.83199735568,130496.83199735568,16.5185863287792,Underprediction
Mahindra,Thar LX 4-STR Convertible Diesel MT,2021,17000,Karnal,1700000,1571710.7900495243,128289.20995047572,128289.20995047572,7.546424114733866,Underprediction
BMW,5-Series 520d M Sport,2016,39000,Delhi,2600000,2727540.565345454,-127540.56534545403,127540.56534545403,4.90540635944054,Overprediction
Renault,Kwid RXT [2015-2019],2017,23700,Mysore,419000,293325.5297264191,125674.47027358093,125674.47027358093,29.993906986534828,Underprediction
Jeep,Compass Limited 2.0 Diesel [2017-2020],2018,90000,Ludhiana,1250000,1375617.8806313858,-125617.88063138584,125617.88063138584,10.049430450510867,Overprediction
Chevrolet,Captiva LTZ AWD AT,2012,74000,Mohali,475000,600217.1359827415,-125217.13598274149,125217.13598274149,26.361502312156105,Overprediction
Volkswagen,Polo Highline1.2L (P),2014,43550,Hyderabad,525000,399799.19801891467,125200.80198108533,125200.80198108533,23.847771805921013,Underprediction
Mahindra,TUV300 T6 Plus,2015,115339,Ahmedabad,630000,505198.2409434769,124801.7590565231,124801.7590565231,19.809803024844935,Underprediction
Mercedes-Benz,C-Class C 220d Progressive [2018-2019],2018,68000,Hyderabad,3400000,3524301.4677133807,-124301.4677133807,124301.4677133807,3.655925520981785,Overprediction
Ford,Figo Duratec Petrol Titanium 1.2,2015,64000,Pune,270000,393831.1189290073,-123831.11892900732,123831.11892900732,45.86337738111382,Overprediction
Maruti Suzuki,Ritz VXI BS-IV,2011,28000,Mumbai,265000,386918.6850922351,-121918.6850922351,121918.6850922351,46.007050978201924,Overprediction
Maruti Suzuki,Ertiga VDi,2015,112000,Chennai,770000,648285.2391000119,121714.76089998812,121714.76089998812,15.807111805193264,Underprediction
MG,Astor Sharp 1.5 CVT,2021,1942,Bangalore,1764999,1643717.2151622917,121281.78483770834,121281.78483770834,6.8714931191297195,Underprediction
Hyundai,Creta SX (O) 1.4 Turbo 7 DCT Dual Tone [2022-2022],2021,45000,Delhi,1825000,1704343.5384432087,120656.46155679133,120656.46155679133,6.611312962015964,Underprediction
Maruti Suzuki,Baleno Zeta 1.3,2016,68921,Hyderabad,695000,574754.5775250429,120245.42247495707,120245.42247495707,17.30149963668447,Underprediction
Maruti Suzuki,Baleno Zeta 1.2,2017,51145,Nagpur,625000,505992.4608842929,119007.5391157071,119007.5391157071,19.041206258513135,Underprediction
Kia,Seltos GTX Plus AT 1.5 Diesel [2019-2020],2021,21000,Delhi,1875000,1993906.688969585,-118906.68896958511,118906.68896958511,6.341690078377872,Overprediction
Skoda,Rapid Style 1.6 MPI AT,2018,55000,Pune,900000,1016303.0709561799,-116303.07095617987,116303.07095617987,12.92256343957554,Overprediction
BMW,3-Series 320d Sport Line,2013,70000,Mumbai,1450000,1564178.838774555,-114178.8387745549,114178.8387745549,7.874402674107234,Overprediction
Mercedes-Benz,GL-Class 350 CDI,2015,103890,Lucknow,3700000,3814168.687978258,-114168.68797825789,114168.68797825789,3.0856402156285916,Overprediction
Volvo,V40 Cross Country D3,2013,71141,Navi Mumbai,1250000,1136329.145926965,113670.85407303507,113670.85407303507,9.093668325842804,Underprediction
Maruti Suzuki,Ciaz Delta 1.3 Hybrid,2017,86000,Yamunanagar,600000,713495.176788154,-113495.17678815406,113495.17678815406,18.915862798025675,Overprediction
Kia,Seltos HTK Plus 1.5 [2019-2020],2021,14000,Delhi,1525000,1411547.8904014197,113452.10959858028,113452.10959858028,7.439482596628215,Underprediction
Hyundai,Elite i20 Asta 1.2,2015,33000,Mumbai,550000,437277.7164869508,112722.28351304919,112722.28351304919,20.494960638736217,Underprediction
Honda,Amaze 1.5 S i-DTEC,2014,62500,Varanasi,295000,407655.68682401517,-112655.68682401517,112655.68682401517,38.1883684149204,Overprediction
Volkswagen,Polo Trendline 1.2L (P),2011,101923,Bangalore,345000,457538.66263576236,-112538.66263576236,112538.66263576236,32.61990221326445,Overprediction
Mercedes-Benz,GLE 250 d,2019,31000,Mumbai,5850000,5962080.584034801,-112080.58403480146,112080.58403480146,1.9159074193983154,Overprediction
Volkswagen,Vento Highline Petrol,2011,80000,Delhi,275000,386862.16168205044,-111862.16168205044,111862.16168205044,40.677149702563796,Overprediction
Kia,Seltos HTK Plus 1.5 iMT,2022,9500,Delhi,1475000,1586540.3971581408,-111540.39715814078,111540.39715814078,7.562060824280731,Overprediction
Mahindra,XUV300 1.5 W6 [2019-2020],2019,60888,Jalandhar,925000,815046.4262303759,109953.57376962411,109953.57376962411,11.886872839959363,Underprediction
Honda,Mobilio S Diesel,2015,72000,Agra,475000,584757.7813917137,-109757.78139171365,109757.78139171365,23.106901345623925,Overprediction
Volkswagen,Polo Highline1.2L (D),2013,78000,Bangalore,484999,375603.2514766507,109395.74852334929,109395.74852334929,22.555870944754382,Underprediction
Hyundai,Grand i10 NIOS Magna 1.2 Kappa VTVT,2020,74000,Ahmedabad,590000,699113.0057755586,-109113.00577555865,109113.00577555865,18.493729792467565,Overprediction
BMW,X1 sDrive20d xLine,2019,32963,Bangalore,3775000,3665974.7336971657,109025.26630283426,109025.26630283426,2.8880865245783913,Underprediction
Jeep,Compass Limited (O) 1.4 Petrol DCT,2022,2000,Kolkata,2275000,2167081.1716480493,107918.82835195074,107918.82835195074,4.743684762723109,Underprediction
Hyundai,i20 Magna 1.2,2011,41000,Delhi,245000,352553.86520022317,-107553.86520022317,107553.86520022317,43.89953681641762,Overprediction
Maruti Suzuki,Swift VXi [2014-2017],2020,10000,Meerut,600000,706894.3662804917,-106894.3662804917,106894.3662804917,17.81572771341528,Overprediction
Toyota,Etios V,2011,66000,Delhi,265000,370965.32438976667,-105965.32438976667,105965.32438976667,39.986914864062896,Overprediction
Honda,Amaze 1.2 S MT Petrol [2018-2020],2019,74237,Nashik,675000,570179.7747724792,104820.2252275208,104820.2252275208,15.528922255929006,Underprediction
Nissan,Micra XV CVT [2016-2017],2014,56918,Coimbatore,490000,388709.6515299893,101290.34847001068,101290.34847001068,20.67149968775728,Underprediction
Toyota,Innova 2.8 ZX AT 7 STR [2016-2020],2016,72000,Ludhiana,1850000,1748712.6516305613,101287.34836943867,101287.34836943867,5.474991803753442,Underprediction
Volkswagen,Polo Highline1.2L (P),2015,50000,Delhi,490000,389814.8729807379,100185.12701926212,100185.12701926212,20.44594428964533,Underprediction
Hyundai,Elite i20 Asta 1.2,2015,68397,Patna,525000,425091.3896386729,99908.61036132713,99908.61036132713,19.030211497395644,Underprediction
Mahindra,Thar LX 4-STR Hard Top Diesel MT,2021,14500,Hyderabad,1800000,1700570.8929523095,99429.10704769054,99429.10704769054,5.523839280427253,Underprediction
BMW,3-Series 320d Highline Sedan,2012,125000,Ahmedabad,1200000,1102503.8818693657,97496.1181306343,97496.1181306343,8.124676510886191,Underprediction
Hyundai,Grand i10 Sportz U2 1.2 CRDi,2016,82844,Hyderabad,459999,556875.794828481,-96876.79482848104,96876.79482848104,21.06021857188408,Overprediction
Audi,A3 35 TDI Technology + Sunroof,2016,32000,Delhi,1525000,1621806.2573878227,-96806.25738782273,96806.25738782273,6.347951304119523,Overprediction
Hyundai,Verna 1.6 CRDI SX,2019,40000,Ludhiana,1125000,1028347.9223694752,96652.07763052476,96652.07763052476,8.591295789379979,Underprediction
Honda,City SV CVT,2015,75258,Mumbai,590000,685839.6969319545,-95839.69693195447,95839.69693195447,16.244016429144825,Overprediction
Honda,City ZX CVT Petrol,2021,13000,Delhi,1450000,1354362.3817762265,95637.61822377355,95637.61822377355,6.595697808536107,Underprediction
Maruti Suzuki,DZire VDi AMT,2019,72040,Pune,770000,864704.18330874,-94704.18330874003,94704.18330874003,12.299244585550653,Overprediction
Maruti Suzuki,Alto LXi BS-III,2008,41000,Mysore,200000,105581.32637601973,94418.67362398027,94418.67362398027,47.209336811990134,Underprediction
Maruti Suzuki,Vitara Brezza VDi,2018,33030,Jaipur,860000,766498.3415730268,93501.65842697315,93501.65842697315,10.87228586360153,Underprediction
Mercedes-Benz,C-Class C 300d AMG line,2020,28079,Mumbai,5250000,5156818.906763616,93181.09323638398,93181.09323638398,1.774877966407314,Underprediction
Honda,City V,2018,52890,Gurgaon,850000,757343.271501232,92656.72849876794,92656.72849876794,10.900791588090346,Underprediction
Maruti Suzuki,Swift LXi,2016,26357,Bangalore,595000,502363.43773736234,92636.56226263766,92636.56226263766,15.569170128174395,Underprediction
Mercedes-Benz,CLA 200 CDI Sport,2017,39328,Kolkata,1998999,1906756.247575895,92242.75242410507,92242.75242410507,4.614447152004832,Underprediction
Maruti Suzuki,Ritz Ldi BS-IV,2011,89000,Dehradun,160000,251254.84500484448,-91254.84500484448,91254.84500484448,57.03427812802781,Overprediction
Maruti Suzuki,Vitara Brezza VDi,2018,48174,Thane,825000,733974.0799468568,91025.92005314317,91025.92005314317,11.033444854926445,Underprediction
Maruti Suzuki,Ciaz Alpha 1.4 MT,2017,82300,Pune,800000,709272.6609934182,90727.33900658181,90727.33900658181,11.340917375822727,Underprediction
Honda,Brio S MT,2016,50374,Vadodara,440000,350378.4408875357,89621.55911246431,89621.55911246431,20.368536161923707,Underprediction
Maruti Suzuki,Swift VDi,2014,141334,Pune,515000,425588.7979480583,89411.20205194171,89411.20205194171,17.36139845668771,Underprediction
Mahindra,Scorpio VLX 4WD BS-III,2011,117000,Salem,580000,491182.20968004665,88817.79031995335,88817.79031995335,15.313412124129888,Underprediction
Honda,Jazz VX CVT Petrol,2018,23000,Chennai,785000,872527.5792257225,-87527.57922572247,87527.57922572247,11.15001009244872,Overprediction
Renault,Duster 85 PS RxL Diesel,2013,99000,Faridabad,280000,367318.5522015945,-87318.55220159452,87318.55220159452,31.185197214855187,Overprediction
Renault,Fluence 1.5 E4,2013,62000,Lucknow,390000,476336.9504058437,-86336.95040584367,86336.95040584367,22.13767959124197,Overprediction
Mahindra,XUV500 W6 2013,2013,135000,Varanasi,500000,584870.6529750181,-84870.65297501814,84870.65297501814,16.97413059500363,Overprediction
Honda,Brio S MT,2014,31000,Kharar,365000,281231.95160295186,83768.04839704814,83768.04839704814,22.950150245766615,Underprediction
Tata,Nexon EV XZ Plus,2022,5000,Mumbai,1450000,1532774.304610385,-82774.3046103851,82774.3046103851,5.708572731750696,Overprediction
Toyota,Fortuner 3.0 4x2 AT,2014,85000,Delhi,1495000,1577308.7646827023,-82308.76468270225,82308.76468270225,5.505602988809515,Overprediction
Land Rover,Evoque SE R-Dynamic,2021,35000,Delhi,5950000,6031981.980061672,-81981.9800616717,81981.9800616717,1.3778484043978436,Overprediction
Maruti Suzuki,Baleno Delta 1.3,2016,62000,Ludhiana,575000,493377.8320922289,81622.16790777107,81622.16790777107,14.1951596361341,Underprediction
Renault,Duster 110 PS RXZ 4X2 AMT Diesel,2016,35000,Delhi,690000,771320.1902156175,-81320.19021561753,81320.19021561753,11.785534813857614,Overprediction
Honda,Jazz VX Petrol,2017,24100,Mumbai,585000,503827.0234943727,81172.97650562727,81172.97650562727,13.875722479594405,Underprediction
Toyota,Fortuner 3.0 4x2 AT,2015,86000,Ludhiana,1800000,1719000.4284185248,80999.5715814752,80999.5715814752,4.499976198970844,Underprediction
Volkswagen,Vento Highline Petrol AT,2014,88000,Faridabad,399000,479230.907766371,-80230.90776637098,80230.90776637098,20.107996933927563,Overprediction
Maruti Suzuki,Wagon R LXI CNG (O),2018,68320,Faridabad,380000,459290.8456499909,-79290.8456499909,79290.8456499909,20.866012013155498,Overprediction
Maruti Suzuki,Vitara Brezza VDi,2018,53694,Pune,865000,785871.6504281174,79128.34957188263,79128.34957188263,9.147786077674294,Underprediction
Hyundai,Creta 1.6 SX Plus AT,2016,73000,Dehradun,950000,1026659.6977213356,-76659.69772133557,76659.69772133557,8.069441865403745,Overprediction
Maruti Suzuki,Baleno Delta 1.2,2017,58146,Bangalore,685000,609126.812198442,75873.18780155794,75873.18780155794,11.076377781249334,Underprediction
Hyundai,Venue SX 1.0 Turbo iMT,2020,24013,Mumbai,990000,1065558.6032107829,-75558.60321078287,75558.60321078287,7.6321821425033205,Overprediction
Honda,Jazz SV Petrol,2015,52000,Noida,495000,419542.4657511129,75457.5342488871,75457.5342488871,15.243946312906484,Underprediction
Maruti Suzuki,Swift VXi [2014-2017],2016,64928,Mumbai,525000,450805.92082505906,74194.07917494094,74194.07917494094,14.132205557131607,Underprediction
Toyota,Corolla Altis 1.8 G,2012,28732,Zirakpur,493000,565917.445067777,-72917.44506777695,72917.44506777695,14.790556808879707,Overprediction
Honda,City ZX CVT Petrol [2017-2019],2018,6000,Mumbai,1138000,1065985.8026060003,72014.19739399967,72014.19739399967,6.328136853602782,Underprediction
Hyundai,Grand i10 Asta AT 1.2 Kappa VTVT [2013-2016],2016,29000,Mumbai,565000,493232.7021330518,71767.29786694818,71767.29786694818,12.702176613619148,Underprediction
Maruti Suzuki,Vitara Brezza ZDi,2017,75000,Ambala Cantt,725000,654380.0992589868,70619.90074101323,70619.90074101323,9.740675964277687,Underprediction
Hyundai,i10 Magna 1.2 Kappa2,2011,21000,Hyderabad,350000,280589.60376711044,69410.39623288956,69410.39623288956,19.83154178082559,Underprediction
Volkswagen,Polo Highline1.2L (P),2013,65000,Mumbai,385000,316150.04827578,68849.95172422001,68849.95172422001,17.88310434395325,Underprediction
Maruti Suzuki,Ertiga VDI SHVS,2017,88000,Mohali,740000,671441.0029303457,68558.99706965429,68558.99706965429,9.264729333737067,Underprediction
Volkswagen,Polo Trendline 1.0L (P),2019,53929,Bangalore,699000,766494.5418907189,-67494.54189071886,67494.54189071886,9.6558715151243,Overprediction
Maruti Suzuki,DZire ZXi,2018,31000,Mumbai,695000,627903.5484801634,67096.45151983656,67096.45151983656,9.654165686307419,Underprediction
Maruti Suzuki,DZire VDi,2017,36000,Patna,630000,562945.7811463469,67054.21885365306,67054.21885365306,10.643526802167152,Underprediction
Audi,A3 35 TDI Premium + Sunroof,2015,60000,Delhi,1350000,1416989.3943286294,-66989.39432862937,66989.39432862937,4.962177357676249,Overprediction
Honda,City SV Diesel,2018,75000,Faridabad,750000,814427.4685579116,-64427.468557911576,64427.468557911576,8.590329141054877,Overprediction
Volkswagen,Polo Highline Plus 1.0L TSI,2020,20124,Bangalore,1025000,960959.2446379015,64040.755362098454,64040.755362098454,6.247878571912045,Underprediction
BMW,X3 xDrive 20d Luxury Line [2018-2020],2018,9512,Mumbai,3800000,3863427.658752253,-63427.65875225281,63427.65875225281,1.6691489145329685,Overprediction
Hyundai,i20 Asta 1.4 CRDI,2012,76148,Hyderabad,434999,372051.7032984986,62947.296701501415,62947.296701501415,14.47067618580765,Underprediction
Mercedes-Benz,CLA 200 CDI Sport,2018,24000,Mumbai,2800000,2738027.1414900348,61972.85850996524,61972.85850996524,2.2133163753559013,Underprediction
Honda,Amaze 1.2 S CVT Petrol [2018-2020],2019,54000,Varanasi,650000,711797.1737248728,-61797.17372487276,61797.17372487276,9.50725749613427,Overprediction
Mahindra,TUV300 T10,2017,44000,Mumbai,785000,723836.6084574796,61163.391542520374,61163.391542520374,7.79151484618094,Underprediction
BMW,X5 xDrive 30d M Sport,2017,68690,Hyderabad,5500000,5440153.417762168,59846.58223783225,59846.58223783225,1.0881196770514956,Underprediction
Maruti Suzuki,Vitara Brezza VDi,2017,73000,Lucknow,710000,650597.7371163105,59402.26288368949,59402.26288368949,8.366515899111196,Underprediction
Mercedes-Benz,E-Class E 200,2016,60000,Nashik,2400000,2340776.6917477557,59223.30825224426,59223.30825224426,2.4676378438435105,Underprediction
Maruti Suzuki,Swift VXi [2014-2017],2018,54000,Mohali,600000,541194.0709761556,58805.92902384442,58805.92902384442,9.800988170640737,Underprediction
Mahindra,Thar CRDe 4x4 AC,2015,65000,Yamunanagar,625000,566660.3883038759,58339.61169612408,58339.61169612408,9.334337871379853,Underprediction
Hyundai,Creta E Plus 1.4 CRDI,2019,23000,Ahmedabad,990000,1048145.4975430834,-58145.49754308339,58145.49754308339,5.873282580109433,Overprediction
Audi,A6 35 TFSI Matrix,2017,58000,Delhi,2850000,2907715.9137869147,-57715.913786914665,57715.913786914665,2.025119781997006,Overprediction
Maruti Suzuki,Wagon R LXI ABS,2018,18000,Delhi,425000,482266.1969449925,-57266.196944992524,57266.196944992524,13.474399281174712,Overprediction
Hyundai,Elite i20 Magna 1.2 [2016-2017],2017,47000,Delhi,585000,528686.2041526738,56313.79584732617,56313.79584732617,9.626289888431822,Underprediction
Hyundai,Grand i10 NIOS Sportz AMT 1.2 Kappa VTVT,2020,35000,Kolkata,599000,655109.7546870264,-56109.754687026376,56109.754687026376,9.367237844244803,Overprediction
Ford,Ecosport Trend 1.5 TDCi,2013,54000,Mumbai,399000,454738.18676782196,-55738.18676782196,55738.18676782196,13.969470367875179,Overprediction
Renault,Kwid RXT [2015-2019],2019,32000,Mysore,434999,379435.45657448267,55563.54342551733,55563.54342551733,12.773257737493035,Underprediction
Mahindra,Scorpio S6 Plus Intelli-Hybrid,2017,68000,Delhi,985000,1039969.6451644398,-54969.645164439804,54969.645164439804,5.580674635983737,Overprediction
Maruti Suzuki,Alto VXi,2014,54000,Mohali,320000,266746.82781632204,53253.17218367796,53253.17218367796,16.641616307399364,Underprediction
Maruti Suzuki,Vitara Brezza ZXi Plus,2021,24000,Mumbai,1044999,992641.3661511409,52357.633848859114,52357.633848859114,5.010304684392914,Underprediction
Ford,Figo Trend 1.5L TDCi [2015-2016],2015,89000,Jaipur,465000,517263.79362268583,-52263.79362268583,52263.79362268583,11.239525510255017,Overprediction
Hyundai,Creta SX 1.6 CRDi (O),2018,68000,Kanpur,969999,1022063.0292797628,-52064.02927976276,52064.02927976276,5.367431232378875,Overprediction
Maruti Suzuki,Wagon R LXi CNG,2013,72000,Mumbai,315000,263381.7507902196,51618.24920978042,51618.24920978042,16.386745780882674,Underprediction
Maruti Suzuki,S-Cross Delta 1.6,2016,85000,Karnal,620000,671615.5205881911,-51615.52058819111,51615.52058819111,8.325083965837274,Overprediction
Honda,Jazz V Petrol,2016,18800,Mumbai,525000,473735.4412454511,51264.558754548896,51264.558754548896,9.764677858009312,Underprediction
Hyundai,Elite i20 Sportz 1.2 [2016-2017],2019,35000,Mumbai,645000,695264.9268846324,-50264.92688463244,50264.92688463244,7.793011920098053,Overprediction
Maruti Suzuki,Celerio LXi,2014,49580,Coimbatore,390000,340004.2588707886,49995.74112921138,49995.74112921138,12.819420802361895,Underprediction
Honda,City V,2016,87693,Pune,675000,724900.5297544858,-49900.52975448582,49900.52975448582,7.392671074738639,Overprediction
Hyundai,Grand i10 Sports Edition 1.2L Kappa VTVT,2014,76000,Ernakulam,365000,315286.2339564174,49713.76604358258,49713.76604358258,13.620209874954131,Underprediction
Honda,WR-V VX MT Diesel,2017,75650,Thane,755000,705296.7292090576,49703.27079094236,49703.27079094236,6.583214674297001,Underprediction
Audi,A4 2.0 TDI (143 bhp),2012,93417,Lucknow,975000,1024141.6006419995,-49141.60064199951,49141.60064199951,5.0401641684102065,Overprediction
Maruti Suzuki,DZire VXi AMT,2017,58000,Chennai,625000,673345.5328503113,-48345.532850311254,48345.532850311254,7.735285256049801,Overprediction
Hyundai,Grand i10 Sportz (O) 1.2 Kappa VTVT [2017-2018],2019,25000,Hyderabad,595000,642970.5931510428,-47970.59315104282,47970.59315104282,8.062284563200475,Overprediction
Honda,City V Petrol,2019,22000,Noida,950000,902726.9376004167,47273.06239958329,47273.06239958329,4.976111831535083,Underprediction
Hyundai,Tucson 2WD AT GLS Diesel,2016,128000,Pune,1600000,1553122.8805176641,46877.11948233587,46877.11948233587,2.9298199676459915,Underprediction
Mahindra,Thar LX 4-STR Hard Top Petrol MT,2021,8519,Mumbai,1575000,1529099.5707592906,45900.4292407094,45900.4292407094,2.914312967664089,Underprediction
Hyundai,i20 Active 1.2 SX,2016,22700,Mumbai,560000,514337.717466405,45662.28253359499,45662.28253359499,8.153979023856248,Underprediction
Maruti Suzuki,Swift DZire ZDI,2014,89000,Chennai,550000,504845.3703807641,45154.62961923587,45154.62961923587,8.209932658042886,Underprediction
Toyota,Innova 2.4 VX 7 STR [2016-2020],2017,75000,Varanasi,1421000,1376101.7630913197,44898.236908680294,44898.236908680294,3.1596225832991056,Underprediction
Nissan,Sunny XV Diesel,2013,51000,Zirakpur,325000,369799.93221937836,-44799.93221937836,44799.93221937836,13.784594529039495,Overprediction
Maruti Suzuki,Ertiga VDi,2013,77000,Ludhiana,459999,415590.31880897336,44408.68119102664,44408.68119102664,9.654082115619087,Underprediction
Kia,Seltos HTK Plus AT 1.5 Diesel [2020-2021],2020,63000,Ahmedabad,1575000,1619249.7944692185,-44249.79446921847,44249.79446921847,2.8095107599503786,Overprediction
Hyundai,Verna Fluidic 1.6 CRDi SX,2014,86000,Lucknow,540000,496201.6367169721,43798.363283027895,43798.363283027895,8.110808015375536,Underprediction
Maruti Suzuki,Swift Lxi (O) [2014-2017],2018,58000,Delhi,575000,531461.9898795333,43538.0101204667,43538.0101204667,7.571827847037688,Underprediction
Datsun,Go T (O),2019,60969,Ranchi,345000,301575.73428754637,43424.265712453634,43424.265712453634,12.58674368476917,Underprediction
Hyundai,Creta SX (O) 1.4 Turbo 7 DCT Dual Tone [2022-2022],2022,18000,Delhi,1875000,1917160.2356610543,-42160.23566105426,42160.23566105426,2.248545901922894,Overprediction
Maruti Suzuki,Ritz Vdi BS-IV,2012,89445,Hyderabad,350000,307879.49456382665,42120.50543617335,42120.50543617335,12.034430124620958,Underprediction
Maruti Suzuki,Ciaz VXi,2015,48000,Mumbai,575000,532956.1188413288,42043.881158671225,42043.881158671225,7.311979331942823,Underprediction
Maruti Suzuki,Swift VXi [2014-2017],2020,58736,Kollam,625000,666809.945770978,-41809.945770977996,41809.945770977996,6.689591323356479,Overprediction
Mahindra,Scorpio S10,2015,67000,Varanasi,875000,916673.6396062988,-41673.63960629876,41673.63960629876,4.762701669291287,Overprediction
Hyundai,Elite i20 Magna Executive 1.2,2018,42601,Udupi,609000,650498.1435213777,-41498.1435213777,41498.1435213777,6.814145077401921,Overprediction
Maruti Suzuki,Eeco 5 STR [2014-2019],2015,64000,Ranchi,320000,360809.957167042,-40809.95716704201,40809.95716704201,12.753111614700629,Overprediction
Tata,Tiago Revotron XZ,2018,53512,Hyderabad,449000,486892.25375883613,-37892.25375883613,37892.25375883613,8.439254734707378,Overprediction
Hyundai,Eon Era +,2014,48000,Lucknow,210000,247588.1025475302,-37588.1025475302,37588.1025475302,17.89909645120486,Overprediction
Hyundai,Creta SX 1.6 CRDi (O),2018,60000,Patna,1125000,1162082.6578810217,-37082.65788102173,37082.65788102173,3.2962362560908205,Overprediction
Maruti Suzuki,Alto 800 Lxi,2015,62000,Kanpur,250000,212924.07262550393,37075.92737449607,37075.92737449607,14.830370949798427,Underprediction
Hyundai,Elite i20 Sportz 1.4 CRDI [2016-2017],2016,72114,Jalandhar,625000,589193.2260039842,35806.77399601578,35806.77399601578,5.7290838393625245,Underprediction
Volkswagen,Polo Highline1.2L (P),2013,53000,Meerut,325000,290225.5241764137,34774.47582358628,34774.47582358628,10.699838714949625,Underprediction
Maruti Suzuki,Swift VDi,2009,185000,Coimbatore,295000,260762.094851468,34237.90514853201,34237.90514853201,11.606069541875257,Underprediction
Mahindra,XUV700 AX 7 Petrol AT Luxury Pack 7 STR,2022,75,Delhi,2765000,2799171.0139061147,-34171.013906114735,34171.013906114735,1.2358413709263918,Overprediction
Maruti Suzuki,Wagon R LXI CNG (O),2016,26600,Pune,430000,464116.62119703525,-34116.621197035245,34116.621197035245,7.9340979527988935,Overprediction
Maruti Suzuki,Celerio ZXi AMT,2020,44300,Dharwad,639000,671760.7614662369,-32760.7614662369,32760.7614662369,5.126879728675571,Overprediction
Maruti Suzuki,Ertiga VDI SHVS,2016,64906,Varanasi,620000,587627.0526310134,32372.947368986555,32372.947368986555,5.22144312403009,Underprediction
Honda,City 1.5 V MT,2013,76000,Delhi,400000,431916.7211169388,-31916.721116938803,31916.721116938803,7.979180279234701,Overprediction
Volkswagen,Ameo Trendline 1.5L (D),2017,69508,Ranga Reddy,575000,606772.1951703267,-31772.19517032674,31772.19517032674,5.525599160056824,Overprediction
Chevrolet,Beat LT Diesel,2011,41215,Hyderabad,229999,198382.65695417052,31616.343045829475,31616.343045829475,13.746295873386178,Underprediction
Hyundai,Grand i10 Magna 1.2 Kappa VTVT [2013-2016],2018,38000,Kolkata,399000,429651.3698540906,-30651.36985409062,30651.36985409062,7.682047582478852,Overprediction
Honda,Amaze 1.2 S i-VTEC,2014,44527,Mumbai,395000,364362.45938907267,30637.54061092733,30637.54061092733,7.756339395171477,Underprediction
Hyundai,Verna Fluidic 1.6 VTVT SX Opt,2014,56000,Noida,545000,514414.82551016426,30585.174489835743,30585.174489835743,5.61195862198821,Underprediction
Skoda,Rapid Elegance 1.6 TDI CR MT,2012,86288,Hyderabad,500000,530548.0003076706,-30548.00030767056,30548.00030767056,6.109600061534112,Overprediction
Mahindra,Scorpio S6 Plus 1.99 [2016-2017],2017,19000,Delhi,1090000,1059959.8312131346,30040.168786865426,30040.168786865426,2.7559787877858186,Underprediction
Honda,Brio VX AT,2013,64418,Mumbai,335000,305027.3868455608,29972.613154439197,29972.613154439197,8.947048702817671,Underprediction
Maruti Suzuki,Alto 800 Lxi CNG,2015,72000,Faridabad,245000,215115.89869062777,29884.10130937223,29884.10130937223,12.19759237117234,Underprediction
Mahindra,Scorpio S2,2015,104000,Roorkee,650000,620951.0083254795,29048.99167452054,29048.99167452054,4.469075642233929,Underprediction
Mahindra,XUV500 W8 AWD,2017,78000,Mumbai,975000,1002930.1028373943,-27930.10283739434,27930.10283739434,2.8646259320404455,Overprediction
Hyundai,Eon Era +,2012,56000,Meerut,225000,197363.89206578358,27636.107934216416,27636.107934216416,12.282714637429518,Underprediction
Maruti Suzuki,Alto 800 Lxi CNG,2015,78000,Mumbai,289000,262605.35001370416,26394.649986295844,26394.649986295844,9.133096881071227,Underprediction
Kia,Seltos HTX 1.5 [2020-2021],2021,11000,Pune,1399000,1425004.9504657665,-26004.95046576648,26004.95046576648,1.858824193407182,Overprediction
Honda,City V,2015,49000,Kolkata,480000,505259.38163295086,-25259.381632950855,25259.381632950855,5.262371173531428,Overprediction
Hyundai,Santro Sportz CNG [2018-2020],2019,46000,Agra,495000,519318.279144514,-24318.279144514003,24318.279144514003,4.9127836655583845,Overprediction
Tata,Tiago Revotron XTA [2017-2019],2018,35000,Patna,484999,509111.5283787121,-24112.52837871207,24112.52837871207,4.971665586673802,Overprediction
Honda,City 1.5 S MT,2010,78000,Zirakpur,295000,318545.99445554696,-23545.994455546956,23545.994455546956,7.98169303577863,Overprediction
Hyundai,i20 Asta 1.4 AT with AVN,2011,26000,Mumbai,310000,333475.6651229396,-23475.665122939623,23475.665122939623,7.572795200948265,Overprediction
Hyundai,Grand i10 Asta 1.2 Kappa VTVT,2017,47000,Delhi,495000,472447.8781616255,22552.12183837453,22552.12183837453,4.555984209772633,Underprediction
Volkswagen,Vento Highline Diesel,2013,110000,Bangalore,545000,522635.72390942543,22364.276090574567,22364.276090574567,4.103536897353131,Underprediction
Maruti Suzuki,Swift VXi,2013,47000,Kolkata,299000,276933.3588738805,22066.641126119473,22066.641126119473,7.380147533819222,Underprediction
Maruti Suzuki,Swift VXi,2015,80000,Noida,425000,403297.66538043617,21702.33461956383,21702.33461956383,5.106431675191489,Underprediction
Nissan,Terrano XL D Plus,2014,75000,Delhi,445000,466528.2716226451,-21528.271622645087,21528.271622645087,4.837813847785412,Overprediction
Maruti Suzuki,Swift DZire VXi,2010,72000,Kanpur,229999,208771.02327615794,21227.97672384206,21227.97672384206,9.22959522599753,Underprediction
Honda,Jazz V Petrol,2016,50000,Kolkata,400000,378979.6099423665,21020.390057633515,21020.390057633515,5.255097514408378,Underprediction
Mahindra,XUV500 W8 AWD [2015-2017],2016,33000,Rudrapur,1000000,979049.0166695433,20950.983330456656,20950.983330456656,2.095098333045666,Underprediction
Maruti Suzuki,Celerio ZXi AMT [2019-2020],2019,20734,Udupi,630000,650874.0134057997,-20874.01340579975,20874.01340579975,3.3133354612380552,Overprediction
Volkswagen,Polo GT TSI,2020,43260,Bangalore,1095000,1115771.6277095296,-20771.627709529595,20771.627709529595,1.8969523022401458,Overprediction
Mahindra,Scorpio LX BS-IV,2013,47000,Patna,671000,650496.59560772,20503.404392280034,20503.404392280034,3.0556489407272776,Underprediction
Maruti Suzuki,Swift DZire VDI,2015,50000,Dehradun,500000,479734.55910218885,20265.440897811146,20265.440897811146,4.05308817956223,Underprediction
Toyota,Corolla Altis 1.8 G,2009,68195,Ahmedabad,390000,410161.1193807147,-20161.11938071472,20161.11938071472,5.169517789926852,Overprediction
Hyundai,Eon 1.0 Kappa Magna + [2014-2016],2013,45000,Chennai,315000,294860.3643591101,20139.635640889872,20139.635640889872,6.393535124092023,Underprediction
Maruti Suzuki,Swift VXi [2014-2017],2019,17881,Ranchi,580000,559951.3826923068,20048.617307693232,20048.617307693232,3.4566581564988335,Underprediction
Maruti Suzuki,Wagon R LXI CNG,2015,67738,Delhi,310000,329617.95393480384,-19617.953934803838,19617.953934803838,6.328372237033496,Overprediction
Hyundai,i20 Asta 1.2,2009,115000,Coimbatore,235000,216007.74381024664,18992.25618975336,18992.25618975336,8.081811144575898,Underprediction
Maruti Suzuki,Swift DZire VXI,2015,13716,Pune,495000,513403.54943129956,-18403.549431299558,18403.549431299558,3.7178887739999102,Overprediction
Maruti Suzuki,Ciaz VDi+ SHVS,2016,82445,Hyderabad,695000,713349.5110444224,-18349.511044422397,18349.511044422397,2.6402174164636545,Overprediction
Hyundai,Verna Fluidic 1.6 CRDi SX,2013,78000,Ahmedabad,459999,441683.3181424314,18315.68185756862,18315.68185756862,3.9816786248597538,Underprediction
Maruti Suzuki,Swift VXi [2014-2017],2018,40000,Patna,520000,537979.0054062615,-17979.005406261538,17979.005406261538,3.4575010396656802,Overprediction
Honda,Jazz S,2010,32000,Gurgaon,195000,211074.7996398652,-16074.799639865203,16074.799639865203,8.243486994802668,Overprediction
Maruti Suzuki,Vitara Brezza VDi,2018,42000,Lucknow,725000,740937.4932940865,-15937.49329408654,15937.49329408654,2.198274937115385,Overprediction
Hyundai,Eon Magna [2011-2012],2013,63000,Ludhiana,190000,205840.66694370017,-15840.66694370017,15840.66694370017,8.337193128263246,Overprediction
Mercedes-Benz,C-Class 220 CDI AT,2022,4600,Bangalore,5400000,5415319.386720123,-15319.38672012277,15319.38672012277,0.28369234666894017,Overprediction
Hyundai,i10 Era,2009,59000,Kanpur,130000,144983.25185808938,-14983.251858089381,14983.251858089381,11.525578352376447,Overprediction
Maruti Suzuki,Swift DZire VDI,2011,65000,Allahabad,275000,289891.5186154964,-14891.518615496403,14891.518615496403,5.415097678362328,Overprediction
Maruti Suzuki,Swift DZire LDI,2016,85000,Lucknow,480000,493220.4325646773,-13220.432564677321,13220.432564677321,2.7542567843077754,Overprediction
Hyundai,i20 Magna (O) 1.4 CRDI,2012,82000,Chandigarh,375000,361931.6746808089,13068.325319191092,13068.325319191092,3.484886751784291,Underprediction
MG,Hector Sharp 2.0 Diesel Turbo MT,2020,65433,Lucknow,1780000,1766955.7060527354,13044.293947264552,13044.293947264552,0.7328255026553119,Underprediction
Maruti Suzuki,Ignis Zeta 1.2 AMT,2017,22000,Delhi,545000,532284.7680235327,12715.231976467301,12715.231976467301,2.3330700874251926,Underprediction
Hyundai,i10 Magna 1.2,2009,55000,Lucknow,165000,177666.34034300366,-12666.340343003656,12666.340343003656,7.676569904850701,Overprediction
Toyota,Innova 2.5 GX BS IV 8 STR,2015,125000,Mumbai,899000,886926.9037182671,12073.096281732898,12073.096281732898,1.3429473060881978,Underprediction
Maruti Suzuki,Swift VXi [2014-2017],2016,48200,Dehradun,450000,438944.7885523843,11055.2114476157,11055.2114476157,2.456713655025711,Underprediction
Maruti Suzuki,Baleno Sigma 1.2,2017,82000,Ahmedabad,490000,479159.53540381935,10840.464596180653,10840.464596180653,2.212339713506256,Underprediction
Honda,City V CVT Petrol [2017-2019],2017,49013,Mumbai,865000,875679.2804902892,-10679.28049028921,10679.28049028921,1.2345989006114695,Overprediction
Honda,City 1.5 V AT,2012,40000,Pune,475000,464478.0230797933,10521.976920206682,10521.976920206682,2.215153035832986,Underprediction
Maruti Suzuki,Vitara Brezza ZDi,2017,94827,Jaipur,780000,770133.427454932,9866.57254506799,9866.57254506799,1.2649451980856397,Underprediction
Mercedes-Benz,C-Class 220 BlueEfficiency,2014,45000,Ranchi,1450000,1441150.9058882997,8849.09411170031,8849.09411170031,0.6102823525310558,Underprediction
Maruti Suzuki,Swift DZire VXI,2014,57402,Delhi,415000,422963.06882564834,-7963.068825648341,7963.068825648341,1.9188117652164678,Overprediction
Honda,City 1.5 S MT,2009,85000,Mohali,269000,261044.59177487495,7955.408225125051,7955.408225125051,2.9574008271840335,Underprediction
Maruti Suzuki,DZire VDi,2018,68500,Varanasi,590000,582359.462871017,7640.537128982949,7640.537128982949,1.2950062930479576,Underprediction
Maruti Suzuki,Ritz Zxi BS-IV,2013,23086,Mumbai,325000,332301.71188601654,-7301.711886016536,7301.711886016536,2.2466805803127805,Overprediction
Maruti Suzuki,Wagon R LXi CNG,2012,57000,Delhi,225000,217961.86918129388,7038.130818706122,7038.130818706122,3.128058141647166,Underprediction
Maruti Suzuki,Alto VXi [2014-2019],2015,31000,Patna,295000,287974.2190900616,7025.7809099383885,7025.7809099383885,2.381620647436742,Underprediction
Hyundai,Elite i20 Asta 1.4 CRDI [2016-2017],2016,58339,Panchkula,535000,541987.0425971264,-6987.0425971264485,6987.0425971264485,1.3059892704909248,Overprediction
Maruti Suzuki,Swift DZire VDI,2008,65000,Jamshedpur,175000,181742.2330847548,-6742.2330847547855,6742.2330847547855,3.8527046198598773,Overprediction
Hyundai,Elite i20 Sportz 1.4 CRDI [2016-2017],2016,38000,Patna,575000,580894.0582026117,-5894.058202611748,5894.058202611748,1.0250536004542172,Overprediction
Hyundai,Eon Sportz,2012,20000,Mumbai,215000,209113.7542050599,5886.2457949401,5886.2457949401,2.7377887418326043,Underprediction
Honda,City 1.5 V MT,2012,80350,Mumbai,375000,380472.34018342546,-5472.340183425462,5472.340183425462,1.4592907155801231,Overprediction
Maruti Suzuki,Ertiga VXI AT,2016,49148,Mumbai,675000,669704.1009294695,5295.899070530548,5295.899070530548,0.7845776400785996,Underprediction
Maruti Suzuki,Wagon R LXI CNG,2015,67738,Delhi,325000,329617.95393480384,-4617.953934803838,4617.953934803838,1.4209089030165656,Overprediction
Hyundai,Grand i10 Magna 1.2 Kappa VTVT [2017-2020],2016,22402,Mumbai,445000,440407.31114201504,4592.688857984962,4592.688857984962,1.032064911906733,Underprediction
Maruti Suzuki,DZire VDi AMT,2018,66000,Warangal,695000,698897.3821625871,-3897.382162587135,3897.382162587135,0.560774411883041,Overprediction
Maruti Suzuki,Wagon R Duo LXi LPG,2009,102000,Nashik,195000,198840.22790762797,-3840.2279076279665,3840.2279076279665,1.9693476449374188,Overprediction
Maruti Suzuki,Celerio VXi AMT,2015,54443,Mumbai,409999,406861.06840649864,3137.9315935013583,3137.9315935013583,0.7653510358565163,Underprediction
Maruti Suzuki,Ciaz Delta 1.4 MT,2017,64000,Ranchi,565000,568114.1126836317,-3114.1126836317126,3114.1126836317126,0.5511703864834889,Overprediction
Hyundai,Elite i20 Sportz 1.2 MT,2020,39000,Mumbai,775000,772041.2701863977,2958.7298136022873,2958.7298136022873,0.38177158885190804,Underprediction
Kia,Seltos GTX Plus AT 1.5 Diesel [2019-2020],2020,33828,Mumbai,1835000,1832413.267061897,2586.732938102912,2586.732938102912,0.14096637264866008,Underprediction
Honda,Amaze 1.2 SX i-VTEC,2016,63882,Mumbai,445000,442732.1385321567,2267.861467843293,2267.861467843293,0.5096317905265827,Underprediction
Maruti Suzuki,Alto LXi BS-III,2011,65000,Lucknow,150000,152212.28509973182,-2212.2850997318164,2212.2850997318164,1.4748567331545444,Overprediction
Nissan,Terrano XE (D),2014,74000,Gurgaon,425000,426775.6035971208,-1775.6035971207893,1775.6035971207893,0.41778908167547985,Overprediction
Nissan,Sunny XV Diesel,2013,92000,Lucknow,360000,358325.9275778073,1674.072422192723,1674.072422192723,0.4650201172757564,Underprediction
Hyundai,Grand i10 Asta AT 1.2 Kappa VTVT [2013-2016],2015,69700,Mumbai,455000,453367.5419492633,1632.4580507366918,1632.4580507366918,0.35878198917289933,Underprediction
Honda,City E [2013-2016],2014,48409,Ranchi,450000,448789.7795538298,1210.2204461701913,1210.2204461701913,0.2689378769267092,Underprediction
Hyundai,Grand i10 Sportz 1.2 Kappa VTVT [2016-2017],2017,35000,Kolkata,400000,401162.4555229009,-1162.455522900913,1162.455522900913,0.29061388072522826,Overprediction
Maruti Suzuki,Ciaz VXi,2015,45969,Mumbai,511000,510217.73392817634,782.2660718236584,782.2660718236584,0.15308533695179224,Underprediction
Hyundai,Creta SX Plus 1.6 AT CRDI,2017,97000,Zirakpur,1050000,1050575.105451894,-575.1054518939927,575.1054518939927,0.05477194779942788,Overprediction
Land Rover,Discovery Sport HSE 7-Seater,2018,57300,Indore,4459000,4458723.926325525,276.07367447484285,276.07367447484285,0.006191380903225899,Underprediction
