Feature,Coefficient,Absolute Coefficient
numerical__Kilometer,-0.028511044608548818,0.028511044608548818
numerical__Length,0.22458560611287803,0.22458560611287803
numerical__Width,0.020213135360238832,0.020213135360238832
numerical__Height,0.09753457420103616,0.09753457420103616
numerical__Seating Capacity,-0.045635286023252834,0.045635286023252834
numerical__Fuel Tank Capacity,0.010890464189050097,0.010890464189050097
numerical__Vehicle Age,-0.38602170241643347,0.38602170241643347
numerical__Engine_CC,0.024800307894399208,0.024800307894399208
numerical__Power_BHP,0.32985202993191987,0.32985202993191987
numerical__Power_RPM,0.0017991314809839513,0.0017991314809839513
numerical__Torque_NM,-0.14125236761402582,0.14125236761402582
numerical__Torque_RPM_Clean,-0.04885075808405785,0.04885075808405785
numerical__missingindicator_Length,0.00022101095974176122,0.00022101095974176122
numerical__missingindicator_Width,0.00022101095974176122,0.00022101095974176122
numerical__missingindicator_Height,0.00022101095974176122,0.00022101095974176122
numerical__missingindicator_Seating Capacity,0.00022101095974176122,0.00022101095974176122
numerical__missingindicator_Fuel Tank Capacity,-0.0034679068643128077,0.0034679068643128077
numerical__missingindicator_Engine_CC,0.006283656660900359,0.006283656660900359
numerical__missingindicator_Power_BHP,0.006283656660900359,0.006283656660900359
numerical__missingindicator_Power_RPM,-0.012603606171201077,0.012603606171201077
numerical__missingindicator_Torque_NM,0.006283656660900359,0.006283656660900359
numerical__missingindicator_Torque_RPM_Clean,0.006283656660900359,0.006283656660900359
categorical__Make_BMW,0.01787196533523141,0.01787196533523141
categorical__Make_Chevrolet,-0.8855135548729908,0.8855135548729908
categorical__Make_Datsun,-0.9942484233889487,0.9942484233889487
categorical__Make_Ford,-0.5744519209700933,0.5744519209700933
categorical__Make_Honda,-0.6143623004040638,0.6143623004040638
categorical__Make_Hyundai,-0.555167544029624,0.555167544029624
categorical__Make_Jaguar,0.2085424480709353,0.2085424480709353
categorical__Make_Jeep,-0.480792549069217,0.480792549069217
categorical__Make_Kia,-0.5094232639178907,0.5094232639178907
categorical__Make_Land Rover,0.42293154541153133,0.42293154541153133
categorical__Make_MG,-0.7049493092647064,0.7049493092647064
categorical__Make_MINI,0.5092254472854469,0.5092254472854469
categorical__Make_Mahindra,-0.6399199473481096,0.6399199473481096
categorical__Make_Maruti Suzuki,-0.6316670320958914,0.6316670320958914
categorical__Make_Mercedes-Benz,0.0795944152661948,0.0795944152661948
categorical__Make_Nissan,-0.8088778969425697,0.8088778969425697
categorical__Make_Porsche,0.4055134260767021,0.4055134260767021
categorical__Make_Renault,-0.801004981775245,0.801004981775245
categorical__Make_Skoda,-0.5337037703215703,0.5337037703215703
categorical__Make_Tata,-0.8225513713854032,0.8225513713854032
categorical__Make_Toyota,-0.3665896849583075,0.3665896849583075
categorical__Make_Volkswagen,-0.6159173688896646,0.6159173688896646
categorical__Make_Volvo,-0.007971786286925865,0.007971786286925865
categorical__Make_infrequent_sklearn,-0.13969494760299747,0.13969494760299747
categorical__Model_5-Series 520d Luxury Line [2017-2019],0.08389740756977483,0.08389740756977483
categorical__Model_A6 2.0 TDI Premium,-0.2387319961051015,0.2387319961051015
categorical__Model_A6 35 TDI Matrix,-0.0692012382670924,0.0692012382670924
categorical__Model_Alto 800 Lxi,-0.030764595137110193,0.030764595137110193
categorical__Model_Alto VXi,0.009756040915063066,0.009756040915063066
categorical__Model_Baleno Delta 1.2,-0.04685901634812155,0.04685901634812155
categorical__Model_Baleno Zeta 1.2,0.047948846298888306,0.047948846298888306
categorical__Model_Celerio VXi AMT,-0.005496721667570228,0.005496721667570228
categorical__Model_City 1.5 S MT,-0.07984353551445111,0.07984353551445111
categorical__Model_City 1.5 V AT,-0.15953228417379764,0.15953228417379764
categorical__Model_City V,0.0003834827110553439,0.0003834827110553439
categorical__Model_Creta 1.6 SX Plus AT Petrol,0.06516158358897076,0.06516158358897076
categorical__Model_Creta SX 1.6 AT Petrol,-0.011820674750013109,0.011820674750013109
categorical__Model_E-Class E 220d Exclusive [2019-2019],0.12173620798941712,0.12173620798941712
categorical__Model_Fortuner 2.8 4x2 AT [2016-2020],0.21734745620178977,0.21734745620178977
categorical__Model_Fortuner 2.8 4x4 AT [2016-2020],0.31750495747251006,0.31750495747251006
categorical__Model_Fortuner 3.0 4x2 AT,-0.0403688121941948,0.0403688121941948
categorical__Model_Fortuner 3.0 4x4 MT,0.21013647979517394,0.21013647979517394
categorical__Model_GLA 200 d Sport,-0.02398816934902771,0.02398816934902771
categorical__Model_GLC 220 d Progressive,0.16346904644565396,0.16346904644565396
categorical__Model_GLE 250 d,-0.023298117018943472,0.023298117018943472
categorical__Model_GLE 300d 4MATIC LWB,0.007384365127752038,0.007384365127752038
categorical__Model_Grand i10 Asta 1.2 Kappa VTVT [2013-2016],-0.01720700762284451,0.01720700762284451
categorical__Model_Grand i10 Magna 1.2 Kappa VTVT [2013-2016],-0.0981731754104734,0.0981731754104734
categorical__Model_Innova 2.8 ZX AT 7 STR [2016-2020],-0.16413319993609554,0.16413319993609554
categorical__Model_Kwid 1.0 RXT [2016-2019],-0.08495899617166759,0.08495899617166759
categorical__Model_Kwid RXT [2015-2019],0.025200287331032585,0.025200287331032585
categorical__Model_Q3 35 TDI Premium + Sunroof,-0.14974481788202698,0.14974481788202698
categorical__Model_Scorpio S10,0.16349629162290039,0.16349629162290039
categorical__Model_Swift DZire VDI,0.02002641821876872,0.02002641821876872
categorical__Model_Swift DZire VXI,0.10235015471574702,0.10235015471574702
categorical__Model_Swift VDi,0.10075304687469319,0.10075304687469319
categorical__Model_Swift VXi,0.08784953120166074,0.08784953120166074
categorical__Model_Swift VXi [2014-2017],-0.03615553414445647,0.03615553414445647
categorical__Model_V40 D3 R-Design,-0.06521002274873032,0.06521002274873032
categorical__Model_Verna 1.6 CRDI SX,-0.18765927784104758,0.18765927784104758
categorical__Model_Verna Fluidic 1.6 CRDi SX,-0.21685901936821458,0.21685901936821458
categorical__Model_Vitara Brezza VDi (O) [2016-2018],-0.017867317136806532,0.017867317136806532
categorical__Model_Vitara Brezza ZDi,0.12133331579129114,0.12133331579129114
categorical__Model_Wagon R LXI CNG (O),-0.05042514002815203,0.05042514002815203
categorical__Model_Wagon R LXi,0.12057523775729959,0.12057523775729959
categorical__Model_Wagon R VXI,-0.035234745936558,0.035234745936558
categorical__Model_X1 sDrive20d xLine,-0.1448465037565726,0.1448465037565726
categorical__Model_i10 Magna 1.2 Kappa2,0.08848734535828508,0.08848734535828508
categorical__Model_i20 Magna 1.2,-0.26039740684729545,0.26039740684729545
categorical__Model_infrequent_sklearn,-0.0689101922970554,0.0689101922970554
categorical__Fuel Type_Diesel,0.07402143894268466,0.07402143894268466
categorical__Fuel Type_Electric,0.16331587882882204,0.16331587882882204
categorical__Fuel Type_Petrol,-0.06846536684087025,0.06846536684087025
categorical__Fuel Type_infrequent_sklearn,0.32966573769341145,0.32966573769341145
categorical__Transmission_Manual,-0.16759745802011625,0.16759745802011625
categorical__Location_Ahmedabad,0.05028794838005122,0.05028794838005122
categorical__Location_Ambala Cantt,-0.1035072738856193,0.1035072738856193
categorical__Location_Bangalore,0.2440473349077006,0.2440473349077006
categorical__Location_Bhopal,0.12492781132789174,0.12492781132789174
categorical__Location_Chandigarh,0.028502373703604852,0.028502373703604852
categorical__Location_Chennai,0.2599326648089639,0.2599326648089639
categorical__Location_Coimbatore,0.2701275035737754,0.2701275035737754
categorical__Location_Dehradun,0.16985673016448513,0.16985673016448513
categorical__Location_Delhi,0.06480909892103447,0.06480909892103447
categorical__Location_Faridabad,-0.00963875557539547,0.00963875557539547
categorical__Location_Gurgaon,-0.0009764183463242651,0.0009764183463242651
categorical__Location_Guwahati,0.119970139500128,0.119970139500128
categorical__Location_Hyderabad,0.18867032825034477,0.18867032825034477
categorical__Location_Indore,0.18976480124420822,0.18976480124420822
categorical__Location_Jaipur,0.10343788666468251,0.10343788666468251
categorical__Location_Jalandhar,0.06111166019328566,0.06111166019328566
categorical__Location_Jamshedpur,-0.016669167686424107,0.016669167686424107
categorical__Location_Kanpur,-0.03375248418409062,0.03375248418409062
categorical__Location_Karnal,0.1291022093326994,0.1291022093326994
categorical__Location_Kolkata,-0.10204241753854154,0.10204241753854154
categorical__Location_Lucknow,0.06467647073639271,0.06467647073639271
categorical__Location_Ludhiana,0.09034334280305477,0.09034334280305477
categorical__Location_Mangalore,0.16879813702955976,0.16879813702955976
categorical__Location_Meerut,0.0960299350913381,0.0960299350913381
categorical__Location_Mohali,0.04665101000165817,0.04665101000165817
categorical__Location_Mumbai,0.10278776028835612,0.10278776028835612
categorical__Location_Nashik,-0.030341444192287563,0.030341444192287563
categorical__Location_Navi Mumbai,0.12362619888061653,0.12362619888061653
categorical__Location_Noida,0.06945387236136392,0.06945387236136392
categorical__Location_Patna,0.07841659371174368,0.07841659371174368
categorical__Location_Pune,0.17405082155239798,0.17405082155239798
categorical__Location_Raipur,0.0681356277584506,0.0681356277584506
categorical__Location_Ranchi,-0.05196390500138296,0.05196390500138296
categorical__Location_Surat,-0.0078037569516713964,0.0078037569516713964
categorical__Location_Thane,0.04765941556406991,0.04765941556406991
categorical__Location_Udupi,0.17537598109623195,0.17537598109623195
categorical__Location_Varanasi,-0.00605759717175616,0.00605759717175616
categorical__Location_Zirakpur,0.01106618329622326,0.01106618329622326
categorical__Location_infrequent_sklearn,0.023906573289691507,0.023906573289691507
categorical__Color_Black,0.13202500489029986,0.13202500489029986
categorical__Color_Blue,0.13915206877809133,0.13915206877809133
categorical__Color_Bronze,0.10419124195955383,0.10419124195955383
categorical__Color_Brown,0.140074189840237,0.140074189840237
categorical__Color_Gold,0.1553395463805603,0.1553395463805603
categorical__Color_Green,0.1313308145384506,0.1313308145384506
categorical__Color_Grey,0.14675612631833168,0.14675612631833168
categorical__Color_Maroon,0.1253555695537822,0.1253555695537822
categorical__Color_Orange,0.18656242409760604,0.18656242409760604
categorical__Color_Others,0.10985763122327087,0.10985763122327087
categorical__Color_Red,0.13998640338166185,0.13998640338166185
categorical__Color_Silver,0.09212775462544898,0.09212775462544898
categorical__Color_White,0.1402262277014314,0.1402262277014314
categorical__Color_Yellow,0.06920161622331727,0.06920161622331727
categorical__Color_infrequent_sklearn,0.23826178969686354,0.23826178969686354
categorical__Owner_Second,-0.04808004658834027,0.04808004658834027
categorical__Owner_Third,-0.0712174759372603,0.0712174759372603
categorical__Owner_UnRegistered Car,0.07075650490829946,0.07075650490829946
categorical__Owner_infrequent_sklearn,-0.6517700104786432,0.6517700104786432
categorical__Seller Type_Corporate,0.10037343448237684,0.10037343448237684
categorical__Seller Type_Individual,0.04131730296746027,0.04131730296746027
categorical__Drivetrain_FWD,0.0064201071578496045,0.0064201071578496045
categorical__Drivetrain_Missing,-0.04200193475847873,0.04200193475847873
categorical__Drivetrain_RWD,-0.013256910812531362,0.013256910812531362
