Feature,Linear Coefficient,Ridge Coefficient,Absolute Linear Coefficient,Absolute Ridge Coefficient,Magnitude Change,Lasso Coefficient,Absolute Lasso Coefficient,Selected,Lasso Magnitude Change from Linear
Make_Datsun,-0.9942484233889488,-0.8259508719550319,0.9942484233889488,0.8259508719550319,0.1682975514339169,-0.9109030095586186,0.9109030095586186,True,0.08334541383033023
Make_Chevrolet,-0.8855135548729908,-0.7219585528185921,0.8855135548729908,0.7219585528185921,0.1635550020543986,-0.7975655689495654,0.7975655689495654,True,0.08794798592342534
Make_Nissan,-0.8088778969425697,-0.6775165835431468,0.8088778969425697,0.6775165835431468,0.1313613133994229,-0.7337827202308376,0.7337827202308376,True,0.07509517671173216
Make_MG,-0.7049493092647064,-0.5795326164833928,0.7049493092647064,0.5795326164833928,0.1254166927813136,-0.6351396508924134,0.6351396508924134,True,0.06980965837229303
Make_Renault,-0.801004981775245,-0.6851343989904989,0.801004981775245,0.6851343989904989,0.1158705827847461,-0.738938217979214,0.738938217979214,True,0.062066763796031044
Make_Tata,-0.8225513713854032,-0.7120918640725759,0.8225513713854032,0.7120918640725759,0.1104595073128273,-0.75895247489773,0.75895247489773,True,0.06359889648767325
Make_Kia,-0.5094232639178907,-0.4014258860478112,0.5094232639178907,0.4014258860478112,0.1079973778700795,-0.44105384712285317,0.44105384712285317,True,0.06836941679503755
Color_infrequent_sklearn,0.2382617896968635,0.132803169980294,0.2382617896968635,0.132803169980294,0.1054586197165694,0.06994934787513975,0.06994934787513975,True,0.16831244182172378
Owner_infrequent_sklearn,-0.6517700104786432,-0.5514152895557227,0.6517700104786432,0.5514152895557227,0.1003547209229205,-0.5928026227714482,0.5928026227714482,True,0.05896738770719501
Color_Orange,0.186562424097606,0.0866018560141543,0.186562424097606,0.0866018560141543,0.0999605680834516,0.03375179118198581,0.03375179118198581,True,0.1528106329156202
Make_Maruti Suzuki,-0.6316670320958914,-0.5328671579555244,0.6316670320958914,0.5328671579555244,0.0987998741403669,-0.572876086185649,0.572876086185649,True,0.058790945910242365
Make_Mahindra,-0.6399199473481096,-0.5418245826209286,0.6399199473481096,0.5418245826209286,0.098095364727181,-0.5823256496474177,0.5823256496474177,True,0.05759429770069191
Make_Honda,-0.6143623004040638,-0.5170407335731056,0.6143623004040638,0.5170407335731056,0.0973215668309581,-0.5570108324959789,0.5570108324959789,True,0.057351467908084874
Make_Toyota,-0.3665896849583075,-0.2722834225511875,0.3665896849583075,0.2722834225511875,0.09430626240712,-0.30960182630945016,0.30960182630945016,True,0.05698785864885736
Fuel Type_Electric,0.163315878828822,0.0699948615552187,0.163315878828822,0.0699948615552187,0.0933210172736032,0.07602167536407299,0.07602167536407299,True,0.08729420346474902
Color_Bronze,0.1041912419595538,0.0127239961982734,0.1041912419595538,0.0127239961982734,0.0914672457612803,-0.01973474883878793,0.01973474883878793,True,0.08445649312076586
Make_Hyundai,-0.555167544029624,-0.4647279534278143,0.555167544029624,0.4647279534278143,0.0904395906018096,-0.5033360021751959,0.5033360021751959,True,0.051831541854428065
Make_Ford,-0.5744519209700933,-0.4845693140542136,0.5744519209700933,0.4845693140542136,0.0898826069158797,-0.5193884225233311,0.5193884225233311,True,0.05506349844676228
Color_Brown,0.140074189840237,0.0504374998368432,0.140074189840237,0.0504374998368432,0.0896366900033937,0.005292681858549028,0.005292681858549028,True,0.13478150798168798
Make_Jeep,-0.480792549069217,-0.3914668934291178,0.480792549069217,0.3914668934291178,0.0893256556400992,-0.4240087025589368,0.4240087025589368,True,0.05678384651028018
Color_Maroon,0.1253555695537822,0.0364007558941429,0.1253555695537822,0.0364007558941429,0.0889548136596392,-0.0,0.0,False,0.1253555695537822
Color_Grey,0.1467561263183316,0.0578828561548582,0.1467561263183316,0.0578828561548582,0.0888732701634733,0.012359753617428231,0.012359753617428231,True,0.13439637270090338
Color_Others,0.1098576312232708,0.0213598595858537,0.1098576312232708,0.0213598595858537,0.0884977716374171,-0.003179389359869411,0.003179389359869411,True,0.10667824186340139
Color_Gold,0.1553395463805603,0.0679207462484884,0.1553395463805603,0.0679207462484884,0.0874188001320719,0.019001773520150048,0.019001773520150048,True,0.13633777286041027
Color_Black,0.1320250048902998,0.0448577517341845,0.1320250048902998,0.0448577517341845,0.0871672531561152,0.0,0.0,False,0.1320250048902998
Color_Red,0.1399864033816618,0.053312929659135,0.1399864033816618,0.053312929659135,0.0866734737225267,0.006464018796126311,0.006464018796126311,True,0.13352238458553548
Color_Silver,0.0921277546254489,0.0068956014827617,0.0921277546254489,0.0068956014827617,0.0852321531426871,-0.038141163725255854,0.038141163725255854,True,0.05398659090019304
Color_White,0.1402262277014314,0.0557121069881805,0.1402262277014314,0.0557121069881805,0.0845141207132508,0.010382742148458218,0.010382742148458218,True,0.12984348555297318
Make_Volkswagen,-0.6159173688896646,-0.532029937499473,0.6159173688896646,0.532029937499473,0.0838874313901916,-0.5664951412912913,0.5664951412912913,True,0.049422227598373336
Color_Blue,0.1391520687780913,0.0596861215361411,0.1391520687780913,0.0596861215361411,0.0794659472419501,0.012399455155271164,0.012399455155271164,True,0.12675261362282014
Make_Skoda,-0.5337037703215703,-0.457520533693149,0.5337037703215703,0.457520533693149,0.0761832366284213,-0.49037286566903093,0.49037286566903093,True,0.043330904652539415
Color_Green,0.1313308145384506,0.0560120260195913,0.1313308145384506,0.0560120260195913,0.0753187885188592,0.0010847424260465406,0.0010847424260465406,True,0.13024607211240408
Location_Navi Mumbai,0.1236261988806165,0.0484583508772929,0.1236261988806165,0.0484583508772929,0.0751678480033235,0.030951721029985665,0.030951721029985665,True,0.09267447785063083
Make_infrequent_sklearn,-0.1396949476029974,-0.0665295939976919,0.1396949476029974,0.0665295939976919,0.0731653536053054,-0.08384066269837001,0.08384066269837001,True,0.05585428490462738
Location_Indore,0.1897648012442082,0.1194208502379087,0.1897648012442082,0.1194208502379087,0.0703439510062994,0.09400544465402842,0.09400544465402842,True,0.09575935659017977
Model_A6 2.0 TDI Premium,-0.2387319961051015,-0.1715489815243384,0.2387319961051015,0.1715489815243384,0.0671830145807631,-0.16360915169438955,0.16360915169438955,True,0.07512284441071196
Location_Mangalore,0.1687981370295597,0.1063047720629234,0.1687981370295597,0.1063047720629234,0.0624933649666362,0.07304819912076273,0.07304819912076273,True,0.09574993790879698
Model_Fortuner 2.8 4x4 AT [2016-2020],0.31750495747251,0.255318385626931,0.31750495747251,0.255318385626931,0.0621865718455789,0.27573614104950345,0.27573614104950345,True,0.04176881642300656
Location_Karnal,0.1291022093326994,0.0686806458480204,0.1291022093326994,0.0686806458480204,0.0604215634846789,0.03570707552780675,0.03570707552780675,True,0.09339513380489264
Location_Jaipur,0.1034378866646825,0.0443692400684022,0.1034378866646825,0.0443692400684022,0.0590686465962803,0.03340189375212585,0.03340189375212585,True,0.07003599291255665
Location_Dehradun,0.1698567301644851,0.1112406395006813,0.1698567301644851,0.1112406395006813,0.0586160906638037,0.09799480238499415,0.09799480238499415,True,0.07186192777949095
Fuel Type_infrequent_sklearn,0.3296657376934114,0.2715834451729415,0.3296657376934114,0.2715834451729415,0.0580822925204699,0.28139058276118223,0.28139058276118223,True,0.04827515493222917
Location_Guwahati,0.119970139500128,0.0619061602244105,0.119970139500128,0.0619061602244105,0.0580639792757174,0.03542790443027607,0.03542790443027607,True,0.08454223506985192
Location_Ludhiana,0.0903433428030547,0.03312752623104,0.0903433428030547,0.03312752623104,0.0572158165720146,0.021574149313352692,0.021574149313352692,True,0.06876919348970201
Location_Coimbatore,0.2701275035737754,0.2150647621433682,0.2701275035737754,0.2150647621433682,0.0550627414304071,0.20572806635792223,0.20572806635792223,True,0.06439943721585317
Location_Raipur,0.0681356277584506,0.0133633045334038,0.0681356277584506,0.0133633045334038,0.0547723232250467,0.0,0.0,False,0.0681356277584506
Location_Lucknow,0.0646764707363927,0.0099763608922865,0.0646764707363927,0.0099763608922865,0.0547001098441061,0.0,0.0,False,0.0646764707363927
Location_Hyderabad,0.1886703282503447,0.1345563480253077,0.1886703282503447,0.1345563480253077,0.0541139802250369,0.12685812404422508,0.12685812404422508,True,0.0618122042061196
Location_Mumbai,0.1027877602883561,0.0487560639663261,0.1027877602883561,0.0487560639663261,0.0540316963220299,0.040787206784208885,0.040787206784208885,True,0.06200055350414721
Location_Jalandhar,0.0611116601932856,0.0070844725242235,0.0611116601932856,0.0070844725242235,0.054027187669062,-0.0,0.0,False,0.0611116601932856
Location_Udupi,0.1753759810962319,0.1220393444048785,0.1753759810962319,0.1220393444048785,0.0533366366913533,0.0926536400585409,0.0926536400585409,True,0.082722341037691
Location_Meerut,0.0960299350913381,0.042855912629287,0.0960299350913381,0.042855912629287,0.0531740224620511,0.00074981502941412,0.00074981502941412,True,0.09528012006192398
Location_Pune,0.1740508215523979,0.1209188241744987,0.1740508215523979,0.1209188241744987,0.0531319973778991,0.11021215884387016,0.11021215884387016,True,0.06383866270852774
Location_Bangalore,0.2440473349077006,0.1915884489545447,0.2440473349077006,0.1915884489545447,0.0524588859531558,0.1808554885029926,0.1808554885029926,True,0.06319184640470801
Location_Delhi,0.0648090989210344,0.0139114069422425,0.0648090989210344,0.0139114069422425,0.0508976919787918,0.0022284190023362043,0.0022284190023362043,True,0.06258067991869819
Location_Noida,0.0694538723613639,0.0186657572303871,0.0694538723613639,0.0186657572303871,0.0507881151309767,0.0007426325911186599,0.0007426325911186599,True,0.06871123977024524
Location_Ahmedabad,0.0502879483800512,-0.0020240270393749,0.0502879483800512,0.0020240270393749,0.0482639213406762,-0.006629718184002883,0.006629718184002883,True,0.043658230196048316
Location_Chennai,0.2599326648089639,0.2118376955198356,0.2599326648089639,0.2118376955198356,0.0480949692891282,0.19794147570058343,0.19794147570058343,True,0.061991189108380446
Location_Bhopal,0.1249278113278917,0.0769977733136552,0.1249278113278917,0.0769977733136552,0.0479300380142364,0.030556691477652928,0.030556691477652928,True,0.09437111985023877
Location_Patna,0.0784165937117436,0.0309076386981702,0.0784165937117436,0.0309076386981702,0.0475089550135733,0.017478703215771885,0.017478703215771885,True,0.06093789049597172
Color_Yellow,0.0692016162233172,-0.0225124058749561,0.0692016162233172,0.0225124058749561,0.046689210348361,-0.02611543401919648,0.02611543401919648,True,0.04308618220412072
Model_Q3 35 TDI Premium + Sunroof,-0.1497448178820269,-0.103066719035186,0.1497448178820269,0.103066719035186,0.0466780988468408,-0.07998067291586063,0.07998067291586063,True,0.06976414496616627
Model_A6 35 TDI Matrix,-0.0692012382670924,-0.0235063829005095,0.0692012382670924,0.0235063829005095,0.0456948553665828,-0.019786938267978955,0.019786938267978955,True,0.04941429999911345
Location_Thane,0.0476594155640699,-0.0081865894057302,0.0476594155640699,0.0081865894057302,0.0394728261583396,-0.006391295311179707,0.006391295311179707,True,0.04126812025289019
Location_Mohali,0.0466510100016581,-0.0089696307815668,0.0466510100016581,0.0089696307815668,0.0376813792200912,-0.01519972326767068,0.01519972326767068,True,0.031451286733987414
Model_Fortuner 3.0 4x4 MT,0.2101364797951739,0.1762859360351558,0.2101364797951739,0.1762859360351558,0.033850543760018,0.1890588366606378,0.1890588366606378,True,0.02107764313453611
Model_Fortuner 2.8 4x2 AT [2016-2020],0.2173474562017897,0.1874783432689052,0.2173474562017897,0.1874783432689052,0.0298691129328844,0.19562216771387672,0.19562216771387672,True,0.02172528848791297
Model_Wagon R VXI,-0.035234745936558,-0.0080884152454929,0.035234745936558,0.0080884152454929,0.027146330691065,-0.0,0.0,False,0.035234745936558
Model_i20 Magna 1.2,-0.2603974068472954,-0.2339267476920748,0.2603974068472954,0.2339267476920748,0.0264706591552205,-0.21891209581787602,0.21891209581787602,True,0.04148531102941938
Model_Grand i10 Magna 1.2 Kappa VTVT [2013-2016],-0.0981731754104734,-0.0782750952462837,0.0981731754104734,0.0782750952462837,0.0198980801641896,-0.05081280051890921,0.05081280051890921,True,0.047360374891564194
Model_Verna 1.6 CRDI SX,-0.1876592778410475,-0.1679287875836073,0.1876592778410475,0.1679287875836073,0.0197304902574401,-0.13388232738809125,0.13388232738809125,True,0.053776950452956246
Model_GLA 200 d Sport,-0.0239881693490277,0.0059569449264285,0.0239881693490277,0.0059569449264285,0.0180312244225991,0.0,0.0,False,0.0239881693490277
Model_Wagon R LXI CNG (O),-0.050425140028152,-0.0330241840186737,0.050425140028152,0.0330241840186737,0.0174009560094782,-0.0,0.0,False,0.050425140028152
Model_X1 sDrive20d xLine,-0.1448465037565726,-0.1286264555291194,0.1448465037565726,0.1286264555291194,0.0162200482274531,-0.11160430864829586,0.11160430864829586,True,0.03324219510827674
Model_Innova 2.8 ZX AT 7 STR [2016-2020],-0.1641331999360955,-0.1486894495494933,0.1641331999360955,0.1486894495494933,0.0154437503866021,-0.12104075413195887,0.12104075413195887,True,0.04309244580413661
Model_Swift VDi,0.1007530468746931,0.0856524311673089,0.1007530468746931,0.0856524311673089,0.0151006157073841,0.07995363661059066,0.07995363661059066,True,0.02079941026410244
Height,0.0975345742010361,0.0824710107154734,0.0975345742010361,0.0824710107154734,0.0150635634855626,0.08975791704577965,0.08975791704577965,True,0.007776657155256453
Model_City 1.5 S MT,-0.0798435355144511,-0.065772453008422,0.0798435355144511,0.065772453008422,0.014071082506029,-0.03712659150798131,0.03712659150798131,True,0.04271694400646979
Fuel Type_Diesel,0.0740214389426846,0.0612170240903039,0.0740214389426846,0.0612170240903039,0.0128044148523806,0.06332706706957217,0.06332706706957217,True,0.010694371873112438
Torque_NM,-0.1412523676140258,-0.1284798288850127,0.1412523676140258,0.1284798288850127,0.012772538729013,-0.12697339383447864,0.12697339383447864,True,0.01427897377954715
Model_Grand i10 Asta 1.2 Kappa VTVT [2013-2016],-0.0172070076228445,-0.0054421359096781,0.0172070076228445,0.0054421359096781,0.0117648717131663,0.0,0.0,False,0.0172070076228445
Model_GLC 220 d Progressive,0.1634690464456539,0.1521566531836675,0.1634690464456539,0.1521566531836675,0.0113123932619863,0.14229369296741615,0.14229369296741615,True,0.021175353478237763
Model_E-Class E 220d Exclusive [2019-2019],0.1217362079894171,0.1113088803512481,0.1217362079894171,0.1113088803512481,0.010427327638169,0.09604052051948758,0.09604052051948758,True,0.02569568746992952
missingindicator_Power_RPM,-0.012603606171201,0.0022103522051455,0.012603606171201,0.0022103522051455,0.0103932539660554,0.0,0.0,False,0.012603606171201
Model_Creta SX 1.6 AT Petrol,-0.0118206747500131,-0.0016995663831574,0.0118206747500131,0.0016995663831574,0.0101211083668556,0.0,0.0,False,0.0118206747500131
Model_V40 D3 R-Design,-0.0652100227487303,-0.0552921773166562,0.0652100227487303,0.0552921773166562,0.009917845432074,-0.0,0.0,False,0.0652100227487303
Location_Chandigarh,0.0285023737036048,-0.0191414338326174,0.0285023737036048,0.0191414338326174,0.0093609398709873,-0.023379112830526242,0.023379112830526242,True,0.005123260873078558
Model_Vitara Brezza VDi (O) [2016-2018],-0.0178673171368065,-0.0096217643184911,0.0178673171368065,0.0096217643184911,0.0082455528183153,-0.0,0.0,False,0.0178673171368065
Model_Kwid RXT [2015-2019],0.0252002873310325,0.0175480702184843,0.0252002873310325,0.0175480702184843,0.0076522171125481,0.0,0.0,False,0.0252002873310325
Model_Swift DZire VDI,0.0200264182187687,0.0124691170635205,0.0200264182187687,0.0124691170635205,0.0075573011552481,0.011005986938265253,0.011005986938265253,True,0.009020431280503446
Model_Vitara Brezza ZDi,0.1213333157912911,0.1141179424246606,0.1213333157912911,0.1141179424246606,0.0072153733666304,0.1028798920224558,0.1028798920224558,True,0.018453423768835298
Model_Baleno Delta 1.2,-0.0468590163481215,-0.0400791114800275,0.0468590163481215,0.0400791114800275,0.0067799048680939,-0.012102354882010193,0.012102354882010193,True,0.03475666146611131
Model_Swift VXi [2014-2017],-0.0361555341444564,-0.0300262519559555,0.0361555341444564,0.0300262519559555,0.0061292821885008,-0.0,0.0,False,0.0361555341444564
Model_City 1.5 V AT,-0.1595322841737976,-0.1540070310473285,0.1595322841737976,0.1540070310473285,0.005525253126469,-0.11909168198069642,0.11909168198069642,True,0.040440602193101194
Seller Type_Individual,0.0413173029674602,0.0364226142586874,0.0413173029674602,0.0364226142586874,0.0048946887087727,-0.0,0.0,False,0.0413173029674602
Seller Type_Corporate,0.1003734344823768,0.0957329676332308,0.1003734344823768,0.0957329676332308,0.0046404668491459,0.05445517407113591,0.05445517407113591,True,0.04591826041124089
Length,0.224585606112878,0.2204824335015912,0.224585606112878,0.2204824335015912,0.0041031726112867,0.22181260328294092,0.22181260328294092,True,0.002773002829937088
Engine_CC,0.0248003078943992,0.0207149321177761,0.0248003078943992,0.0207149321177761,0.004085375776623,0.018403586624362873,0.018403586624362873,True,0.006396721270036328
Model_GLE 300d 4MATIC LWB,0.007384365127752,0.0033409804597662,0.007384365127752,0.0033409804597662,0.0040433846679857,0.0,0.0,False,0.007384365127752
Model_Verna Fluidic 1.6 CRDi SX,-0.2168590193682145,-0.2131682157156725,0.2168590193682145,0.2131682157156725,0.0036908036525419,-0.19374178924536825,0.19374178924536825,True,0.02311723012284625
missingindicator_Fuel Tank Capacity,-0.0034679068643128,-0.000108079293538,0.0034679068643128,0.000108079293538,0.0033598275707747,-0.0,0.0,False,0.0034679068643128
Seating Capacity,-0.0456352860232528,-0.0424654901703499,0.0456352860232528,0.0424654901703499,0.0031697958529028,-0.04380077854957486,0.04380077854957486,True,0.0018345074736779363
Model_GLE 250 d,-0.0232981170189434,-0.0203450675062694,0.0232981170189434,0.0203450675062694,0.0029530495126739,-0.0,0.0,False,0.0232981170189434
Model_Creta 1.6 SX Plus AT Petrol,0.0651615835889707,0.0624112011513473,0.0651615835889707,0.0624112011513473,0.0027503824376233,0.05160630224485824,0.05160630224485824,True,0.013555281344112463
missingindicator_Torque_RPM_Clean,0.0062836566609003,0.0036719469926362,0.0062836566609003,0.0036719469926362,0.002611709668264,6.157794371554832e-17,6.157794371554832e-17,True,0.0062836566609002385
missingindicator_Torque_NM,0.0062836566609003,0.0036719469926362,0.0062836566609003,0.0036719469926362,0.002611709668264,0.0013999999999996994,0.0013999999999996994,True,0.004883656660900601
missingindicator_Power_BHP,0.0062836566609003,0.0036719469926362,0.0062836566609003,0.0036719469926362,0.002611709668264,5.551115123125784e-17,5.551115123125784e-17,True,0.0062836566609002446
missingindicator_Engine_CC,0.0062836566609003,0.0036719469926362,0.0062836566609003,0.0036719469926362,0.002611709668264,0.014051212974757076,0.014051212974757076,True,-0.007767556313856776
Make_MINI,0.5092254472854469,0.506719402400813,0.5092254472854469,0.506719402400813,0.0025060448846339,0.5013319841902493,0.5013319841902493,True,0.007893463095197673
Model_infrequent_sklearn,-0.0689101922970554,-0.0665502370805519,0.0689101922970554,0.0665502370805519,0.0023599552165034,-0.05673944686283111,0.05673944686283111,True,0.012170745434224292
Power_BHP,0.3298520299319198,0.3276855387949119,0.3298520299319198,0.3276855387949119,0.0021664911370078,0.3274467198094483,0.3274467198094483,True,0.0024053101224715268
Vehicle_Age,-0.3860217024164334,-0.384528350109946,0.3860217024164334,0.384528350109946,0.0014933523064873,-0.38647291149889285,0.38647291149889285,True,-0.00045120908245943614
Model_Swift VXi,0.0878495312016607,0.0863802377747229,0.0878495312016607,0.0863802377747229,0.0014692934269377,0.0833431809059409,0.0833431809059409,True,0.004506350295719802
Model_Alto VXi,0.009756040915063,0.0086696680472572,0.009756040915063,0.0086696680472572,0.0010863728678057,0.0,0.0,False,0.009756040915063
Model_Alto 800 Lxi,-0.0307645951371101,-0.0306633774417513,0.0307645951371101,0.0306633774417513,0.0001012176953587,-0.007418680855725568,0.007418680855725568,True,0.023345914281384533
missingindicator_Height,0.0002210109597417,-0.0003902938734424,0.0002210109597417,0.0003902938734424,-0.0001692829137007,-0.0,0.0,False,0.0002210109597417
missingindicator_Length,0.0002210109597417,-0.0003902938734424,0.0002210109597417,0.0003902938734424,-0.0001692829137007,-0.0029410212557504567,0.0029410212557504567,True,-0.0027200102960087567
missingindicator_Seating Capacity,0.0002210109597417,-0.0003902938734424,0.0002210109597417,0.0003902938734424,-0.0001692829137007,-0.0,0.0,False,0.0002210109597417
missingindicator_Width,0.0002210109597417,-0.0003902938734424,0.0002210109597417,0.0003902938734424,-0.0001692829137007,-1.6269502779336036e-14,1.6269502779336036e-14,True,0.0002210109597254305
Model_Scorpio S10,0.1634962916229003,0.1638808703606386,0.1634962916229003,0.1638808703606386,-0.0003845787377383,0.15216656734432774,0.15216656734432774,True,0.011329724278572567
Kilometer,-0.0285110446085488,-0.0290755956878259,0.0285110446085488,0.0290755956878259,-0.0005645510792771,-0.028900376698868913,0.028900376698868913,True,-0.0003893320903201117
Owner_Second,-0.0480800465883402,-0.0487072466894512,0.0480800465883402,0.0487072466894512,-0.000627200101111,-0.04753275365468573,0.04753275365468573,True,0.0005472929336544641
Model_Kwid 1.0 RXT [2016-2019],-0.0849589961716675,-0.0856447035467213,0.0849589961716675,0.0856447035467213,-0.0006857073750538,-0.04432832168403965,0.04432832168403965,True,0.040630674487627846
Model_Wagon R LXi,0.1205752377572995,0.1217705046294199,0.1205752377572995,0.1217705046294199,-0.0011952668721204,0.09493086164109386,0.09493086164109386,True,0.02564437611620564
Model_Baleno Zeta 1.2,0.0479488462988883,0.0497941856482502,0.0479488462988883,0.0497941856482502,-0.0018453393493619,0.015346041339803655,0.015346041339803655,True,0.032602804959084644
Model_Swift DZire VXI,0.102350154715747,0.1042651713764536,0.102350154715747,0.1042651713764536,-0.0019150166607065,0.09388756735784738,0.09388756735784738,True,0.00846258735789962
Width,0.0202131353602388,0.0226237715047897,0.0202131353602388,0.0226237715047897,-0.0024106361445509,0.021187165238168427,0.021187165238168427,True,-0.0009740298779296261
Power_RPM,0.0017991314809839,0.0049539375637818,0.0017991314809839,0.0049539375637818,-0.0031548060827979,0.0005864559762018179,0.0005864559762018179,True,0.0012126755047820823
Location_infrequent_sklearn,0.0239065732896915,-0.0288587515184004,0.0239065732896915,0.0288587515184004,-0.0049521782287089,-0.035557234728342664,0.035557234728342664,True,-0.011650661438651164
Torque_RPM_Clean,-0.0488507580840578,-0.0539466129837053,0.0488507580840578,0.0539466129837053,-0.0050958548996475,-0.04903200963357242,0.04903200963357242,True,-0.0001812515495146147
Model_5-Series 520d Luxury Line [2017-2019],0.0838974075697748,0.0890332649690699,0.0838974075697748,0.0890332649690699,-0.0051358573992951,0.07506525849705574,0.07506525849705574,True,0.008832149072719064
Owner_Third,-0.0712174759372603,-0.0766491704070794,0.0712174759372603,0.0766491704070794,-0.0054316944698191,-0.06748618099476152,0.06748618099476152,True,0.0037312949424987835
Model_Celerio VXi AMT,-0.0054967216675702,-0.0120597700259992,0.0054967216675702,0.0120597700259992,-0.006563048358429,0.0,0.0,False,0.0054967216675702
Model_Fortuner 3.0 4x2 AT,-0.0403688121941948,-0.0484528267383249,0.0403688121941948,0.0484528267383249,-0.0080840145441301,-0.004009255071643834,0.004009255071643834,True,0.03635955712255097
Fuel Tank Capacity,0.01089046418905,0.0197911396525185,0.01089046418905,0.0197911396525185,-0.0089006754634685,0.017232688184281576,0.017232688184281576,True,-0.006342223995231575
Model_i10 Magna 1.2 Kappa2,0.088487345358285,0.0978790498282629,0.088487345358285,0.0978790498282629,-0.0093917044699779,0.084048334991306,0.084048334991306,True,0.004439010366978996
Model_City V,0.0003834827110553,0.0112940700750684,0.0003834827110553,0.0112940700750684,-0.0109105873640131,0.0,0.0,False,0.0003834827110553
Fuel Type_Petrol,-0.0684653668408702,-0.0800368822545096,0.0684653668408702,0.0800368822545096,-0.0115715154136394,-0.07166581861946317,0.07166581861946317,True,-0.003200451778592961
Drivetrain_FWD,0.0064201071578496,-0.0183829928364851,0.0064201071578496,0.0183829928364851,-0.0119628856786355,-0.002438057319749772,0.002438057319749772,True,0.003982049838099829
Transmission_Manual,-0.1675974580201162,-0.1825213599359094,0.1675974580201162,0.1825213599359094,-0.0149239019157932,-0.1754138204559299,0.1754138204559299,True,-0.007816362435813712
Drivetrain_RWD,-0.0132569108125313,-0.0319124390453927,0.0132569108125313,0.0319124390453927,-0.0186555282328614,-0.019018158610956924,0.019018158610956924,True,-0.005761247798425625
Make_Porsche,0.4055134260767021,0.4246279269748587,0.4055134260767021,0.4246279269748587,-0.0191145008981566,0.41729292648217314,0.41729292648217314,True,-0.011779500405471044
Owner_UnRegistered Car,0.0707565049082994,0.0907605494385312,0.0707565049082994,0.0907605494385312,-0.0200040445302317,0.06582747264471579,0.06582747264471579,True,0.004929032263583613
Make_Land Rover,0.4229315454115313,0.4516869339506543,0.4229315454115313,0.4516869339506543,-0.028755388539123,0.4410866618530116,0.4410866618530116,True,-0.018155116441480323
Make_Jaguar,0.2085424480709353,0.2378466018149288,0.2085424480709353,0.2378466018149288,-0.0293041537439935,0.2228751287232932,0.2228751287232932,True,-0.014332680652357904
Drivetrain_Missing,-0.0420019347584787,-0.0715329207647638,0.0420019347584787,0.0715329207647638,-0.0295309860062851,-0.04804160415766917,0.04804160415766917,True,-0.00603966939919047
Make_Volvo,-0.0079717862869258,0.0399660524449415,0.0079717862869258,0.0399660524449415,-0.0319942661580157,0.0,0.0,False,0.0079717862869258
Location_Zirakpur,0.0110661832962232,-0.0440900514684253,0.0110661832962232,0.0440900514684253,-0.0330238681722021,-0.03627624582140905,0.03627624582140905,True,-0.02521006252518585
Make_BMW,0.0178719653352314,0.057734484083646,0.0178719653352314,0.057734484083646,-0.0398625187484146,0.039227845725421866,0.039227845725421866,True,-0.021355880390190467
Make_Mercedes-Benz,0.0795944152661948,0.1212459428707253,0.0795944152661948,0.1212459428707253,-0.0416515276045305,0.10605847006559635,0.10605847006559635,True,-0.026464054799401546
Location_Gurgaon,-0.0009764183463242,-0.0426439865302204,0.0009764183463242,0.0426439865302204,-0.0416675681838962,-0.04800864293197819,0.04800864293197819,True,-0.047032224585653995
Location_Nashik,-0.0303414441922875,-0.0725825172430593,0.0303414441922875,0.0725825172430593,-0.0422410730507718,-0.07443850788106154,0.07443850788106154,True,-0.044097063688774044
Location_Surat,-0.0078037569516713,-0.0527714260014284,0.0078037569516713,0.0527714260014284,-0.0449676690497571,-0.04180297088550621,0.04180297088550621,True,-0.03399921393383491
Location_Varanasi,-0.0060575971717561,-0.0542105780003281,0.0060575971717561,0.0542105780003281,-0.048152980828572,-0.047219374960888114,0.047219374960888114,True,-0.04116177778913201
Location_Jamshedpur,-0.0166691676864241,-0.0673396652475319,0.0166691676864241,0.0673396652475319,-0.0506704975611078,-0.06230369782872699,0.06230369782872699,True,-0.045634530142302884
Location_Ranchi,-0.0519639050013829,-0.1046414625039173,0.0519639050013829,0.1046414625039173,-0.0526775575025344,-0.11565917246606325,0.11565917246606325,True,-0.06369526746468035
Location_Kolkata,-0.1020424175385415,-0.1549413979825544,0.1020424175385415,0.1549413979825544,-0.0528989804440129,-0.1610638401433823,0.1610638401433823,True,-0.05902142260484079
Location_Ambala Cantt,-0.1035072738856193,-0.1575805495654953,0.1035072738856193,0.1575805495654953,-0.054073275679876,-0.15283409209137144,0.15283409209137144,True,-0.049326818205752146
Location_Faridabad,-0.0096387555753954,-0.0648261152390915,0.0096387555753954,0.0648261152390915,-0.0551873596636961,-0.06559593358408108,0.06559593358408108,True,-0.05595717800868569
Location_Kanpur,-0.0337524841840906,-0.0931434443947074,0.0337524841840906,0.0931434443947074,-0.0593909602106168,-0.09657539481396187,0.09657539481396187,True,-0.06282291062987126
