Feature,Linear Coefficient,Ridge Coefficient,Absolute Linear Coefficient,Absolute Ridge Coefficient,Magnitude Change,Lasso Coefficient,Absolute Lasso Coefficient,Lasso Selected,Lasso Magnitude Change from Linear,Elastic Net Coefficient,Absolute Elastic Net Coefficient,Elastic Net Selected,Elastic Net Magnitude Change from Linear
Make_Datsun,-0.9942484233889488,-0.8259508719550319,0.9942484233889488,0.8259508719550319,0.1682975514339169,-0.9109030095586186,0.9109030095586186,True,0.0833454138303302,-0.835585053727496,0.835585053727496,True,0.15866336966145278
Make_Chevrolet,-0.8855135548729908,-0.7219585528185921,0.8855135548729908,0.7219585528185921,0.1635550020543986,-0.7975655689495654,0.7975655689495654,True,0.0879479859234253,-0.7158489596297911,0.7158489596297911,True,0.16966459524319966
Make_Nissan,-0.8088778969425697,-0.6775165835431468,0.8088778969425697,0.6775165835431468,0.1313613133994229,-0.7337827202308376,0.7337827202308376,True,0.0750951767117321,-0.6638410171064842,0.6638410171064842,True,0.14503687983608549
Make_MG,-0.7049493092647064,-0.5795326164833928,0.7049493092647064,0.5795326164833928,0.1254166927813136,-0.6351396508924134,0.6351396508924134,True,0.069809658372293,-0.5704370580644785,0.5704370580644785,True,0.13451225120022792
Make_Renault,-0.801004981775245,-0.6851343989904989,0.801004981775245,0.6851343989904989,0.1158705827847461,-0.738938217979214,0.738938217979214,True,0.062066763796031,-0.6875784811279345,0.6875784811279345,True,0.11342650064731052
Make_Tata,-0.8225513713854032,-0.7120918640725759,0.8225513713854032,0.7120918640725759,0.1104595073128273,-0.75895247489773,0.75895247489773,True,0.0635988964876732,-0.7012623227258669,0.7012623227258669,True,0.12128904865953638
Make_Kia,-0.5094232639178907,-0.4014258860478112,0.5094232639178907,0.4014258860478112,0.1079973778700795,-0.4410538471228531,0.4410538471228531,True,0.0683694167950375,-0.3798481020299698,0.3798481020299698,True,0.1295751618879209
Color_infrequent_sklearn,0.2382617896968635,0.132803169980294,0.2382617896968635,0.132803169980294,0.1054586197165694,0.0699493478751397,0.0699493478751397,True,0.1683124418217237,0.03208755811795097,0.03208755811795097,True,0.20617423157891254
Owner_infrequent_sklearn,-0.6517700104786432,-0.5514152895557227,0.6517700104786432,0.5514152895557227,0.1003547209229205,-0.5928026227714482,0.5928026227714482,True,0.058967387707195,-0.542977803437107,0.542977803437107,True,0.10879220704153625
Color_Orange,0.186562424097606,0.0866018560141543,0.186562424097606,0.0866018560141543,0.0999605680834516,0.0337517911819858,0.0337517911819858,True,0.1528106329156202,0.005852743308695441,0.005852743308695441,True,0.18070968078891056
Make_Maruti Suzuki,-0.6316670320958914,-0.5328671579555244,0.6316670320958914,0.5328671579555244,0.0987998741403669,-0.572876086185649,0.572876086185649,True,0.0587909459102423,-0.5185274226963005,0.5185274226963005,True,0.11313960939959089
Make_Mahindra,-0.6399199473481096,-0.5418245826209286,0.6399199473481096,0.5418245826209286,0.098095364727181,-0.5823256496474177,0.5823256496474177,True,0.0575942977006919,-0.5305104117739223,0.5305104117739223,True,0.10940953557418731
Make_Honda,-0.6143623004040638,-0.5170407335731056,0.6143623004040638,0.5170407335731056,0.0973215668309581,-0.5570108324959789,0.5570108324959789,True,0.0573514679080848,-0.5037402507588397,0.5037402507588397,True,0.11062204964522415
Make_Toyota,-0.3665896849583075,-0.2722834225511875,0.3665896849583075,0.2722834225511875,0.09430626240712,-0.3096018263094501,0.3096018263094501,True,0.0569878586488573,-0.2530333825242612,0.2530333825242612,True,0.1135563024340463
Fuel Type_Electric,0.163315878828822,0.0699948615552187,0.163315878828822,0.0699948615552187,0.0933210172736032,0.0760216753640729,0.0760216753640729,True,0.087294203464749,0.0,0.0,False,0.163315878828822
Color_Bronze,0.1041912419595538,0.0127239961982734,0.1041912419595538,0.0127239961982734,0.0914672457612803,-0.0197347488387879,0.0197347488387879,True,0.0844564931207658,-0.02274913949680512,0.02274913949680512,True,0.08144210246274869
Make_Hyundai,-0.555167544029624,-0.4647279534278143,0.555167544029624,0.4647279534278143,0.0904395906018096,-0.5033360021751959,0.5033360021751959,True,0.051831541854428,-0.45639432207863145,0.45639432207863145,True,0.09877322195099253
Make_Ford,-0.5744519209700933,-0.4845693140542136,0.5744519209700933,0.4845693140542136,0.0898826069158797,-0.5193884225233311,0.5193884225233311,True,0.0550634984467622,-0.4695951136348308,0.4695951136348308,True,0.10485680733526254
Color_Brown,0.140074189840237,0.0504374998368432,0.140074189840237,0.0504374998368432,0.0896366900033937,0.005292681858549,0.005292681858549,True,0.1347815079816879,0.0,0.0,False,0.140074189840237
Make_Jeep,-0.480792549069217,-0.3914668934291178,0.480792549069217,0.3914668934291178,0.0893256556400992,-0.4240087025589368,0.4240087025589368,True,0.0567838465102801,-0.3719238690110973,0.3719238690110973,True,0.10886868005811967
Color_Maroon,0.1253555695537822,0.0364007558941429,0.1253555695537822,0.0364007558941429,0.0889548136596392,-0.0,0.0,False,0.1253555695537822,-0.0,0.0,False,0.1253555695537822
Color_Grey,0.1467561263183316,0.0578828561548582,0.1467561263183316,0.0578828561548582,0.0888732701634733,0.0123597536174282,0.0123597536174282,True,0.1343963727009033,0.004970111093472616,0.004970111093472616,True,0.14178601522485898
Color_Others,0.1098576312232708,0.0213598595858537,0.1098576312232708,0.0213598595858537,0.0884977716374171,-0.0031793893598694,0.0031793893598694,True,0.1066782418634013,-0.0,0.0,False,0.1098576312232708
Color_Gold,0.1553395463805603,0.0679207462484884,0.1553395463805603,0.0679207462484884,0.0874188001320719,0.01900177352015,0.01900177352015,True,0.1363377728604102,0.007909169506723955,0.007909169506723955,True,0.14743037687383634
Color_Black,0.1320250048902998,0.0448577517341845,0.1320250048902998,0.0448577517341845,0.0871672531561152,0.0,0.0,False,0.1320250048902998,-0.0007338262443016813,0.0007338262443016813,True,0.13129117864599812
Color_Red,0.1399864033816618,0.053312929659135,0.1399864033816618,0.053312929659135,0.0866734737225267,0.0064640187961263,0.0064640187961263,True,0.1335223845855354,0.0007994881478239158,0.0007994881478239158,True,0.1391869152338379
Color_Silver,0.0921277546254489,0.0068956014827617,0.0921277546254489,0.0068956014827617,0.0852321531426871,-0.0381411637252558,0.0381411637252558,True,0.053986590900193,-0.042836259359904844,0.042836259359904844,True,0.04929149526554405
Color_White,0.1402262277014314,0.0557121069881805,0.1402262277014314,0.0557121069881805,0.0845141207132508,0.0103827421484582,0.0103827421484582,True,0.1298434855529731,0.007389801396276274,0.007389801396276274,True,0.13283642630515513
Make_Volkswagen,-0.6159173688896646,-0.532029937499473,0.6159173688896646,0.532029937499473,0.0838874313901916,-0.5664951412912913,0.5664951412912913,True,0.0494222275983733,-0.5215528121318892,0.5215528121318892,True,0.09436455675777544
Color_Blue,0.1391520687780913,0.0596861215361411,0.1391520687780913,0.0596861215361411,0.0794659472419501,0.0123994551552711,0.0123994551552711,True,0.1267526136228201,0.012301213287716474,0.012301213287716474,True,0.12685085549037484
Make_Skoda,-0.5337037703215703,-0.457520533693149,0.5337037703215703,0.457520533693149,0.0761832366284213,-0.4903728656690309,0.4903728656690309,True,0.0433309046525394,-0.4477354687867771,0.4477354687867771,True,0.08596830153479323
Color_Green,0.1313308145384506,0.0560120260195913,0.1313308145384506,0.0560120260195913,0.0753187885188592,0.0010847424260465,0.0010847424260465,True,0.130246072112404,0.0,0.0,False,0.1313308145384506
Location_Navi Mumbai,0.1236261988806165,0.0484583508772929,0.1236261988806165,0.0484583508772929,0.0751678480033235,0.0309517210299856,0.0309517210299856,True,0.0926744778506308,0.015534139788523341,0.015534139788523341,True,0.10809205909209316
Make_infrequent_sklearn,-0.1396949476029974,-0.0665295939976919,0.1396949476029974,0.0665295939976919,0.0731653536053054,-0.08384066269837,0.08384066269837,True,0.0558542849046273,-0.03644911622579649,0.03644911622579649,True,0.10324583137720089
Location_Indore,0.1897648012442082,0.1194208502379087,0.1897648012442082,0.1194208502379087,0.0703439510062994,0.0940054446540284,0.0940054446540284,True,0.0957593565901797,0.056010713305669174,0.056010713305669174,True,0.13375408793853902
Model_A6 2.0 TDI Premium,-0.2387319961051015,-0.1715489815243384,0.2387319961051015,0.1715489815243384,0.0671830145807631,-0.1636091516943895,0.1636091516943895,True,0.0751228444107119,-0.10874939190709867,0.10874939190709867,True,0.12998260419800284
Location_Mangalore,0.1687981370295597,0.1063047720629234,0.1687981370295597,0.1063047720629234,0.0624933649666362,0.0730481991207627,0.0730481991207627,True,0.0957499379087969,0.03594763019169754,0.03594763019169754,True,0.13285050683786215
Model_Fortuner 2.8 4x4 AT [2016-2020],0.31750495747251,0.255318385626931,0.31750495747251,0.255318385626931,0.0621865718455789,0.2757361410495034,0.2757361410495034,True,0.0417688164230065,0.21785909011484594,0.21785909011484594,True,0.09964586735766406
Location_Karnal,0.1291022093326994,0.0686806458480204,0.1291022093326994,0.0686806458480204,0.0604215634846789,0.0357070755278067,0.0357070755278067,True,0.0933951338048926,0.0009590716344678589,0.0009590716344678589,True,0.12814313769823155
Location_Jaipur,0.1034378866646825,0.0443692400684022,0.1034378866646825,0.0443692400684022,0.0590686465962803,0.0334018937521258,0.0334018937521258,True,0.0700359929125566,0.02263734659001248,0.02263734659001248,True,0.08080054007467002
Location_Dehradun,0.1698567301644851,0.1112406395006813,0.1698567301644851,0.1112406395006813,0.0586160906638037,0.0979948023849941,0.0979948023849941,True,0.0718619277794909,0.08549405679350518,0.08549405679350518,True,0.08436267337097993
Fuel Type_infrequent_sklearn,0.3296657376934114,0.2715834451729415,0.3296657376934114,0.2715834451729415,0.0580822925204699,0.2813905827611822,0.2813905827611822,True,0.0482751549322291,0.24977826676192327,0.24977826676192327,True,0.07988747093148812
Location_Guwahati,0.119970139500128,0.0619061602244105,0.119970139500128,0.0619061602244105,0.0580639792757174,0.035427904430276,0.035427904430276,True,0.0845422350698519,0.010086082756424235,0.010086082756424235,True,0.10988405674370376
Location_Ludhiana,0.0903433428030547,0.03312752623104,0.0903433428030547,0.03312752623104,0.0572158165720146,0.0215741493133526,0.0215741493133526,True,0.068769193489702,0.011391608171921119,0.011391608171921119,True,0.07895173463113359
Location_Coimbatore,0.2701275035737754,0.2150647621433682,0.2701275035737754,0.2150647621433682,0.0550627414304071,0.2057280663579222,0.2057280663579222,True,0.0643994372158531,0.20087646335702886,0.20087646335702886,True,0.06925104021674655
Location_Raipur,0.0681356277584506,0.0133633045334038,0.0681356277584506,0.0133633045334038,0.0547723232250467,0.0,0.0,False,0.0681356277584506,0.0,0.0,False,0.0681356277584506
Location_Lucknow,0.0646764707363927,0.0099763608922865,0.0646764707363927,0.0099763608922865,0.0547001098441061,0.0,0.0,False,0.0646764707363927,-0.0,0.0,False,0.0646764707363927
Location_Hyderabad,0.1886703282503447,0.1345563480253077,0.1886703282503447,0.1345563480253077,0.0541139802250369,0.126858124044225,0.126858124044225,True,0.0618122042061196,0.12425994276525376,0.12425994276525376,True,0.06441038548509093
Location_Mumbai,0.1027877602883561,0.0487560639663261,0.1027877602883561,0.0487560639663261,0.0540316963220299,0.0407872067842088,0.0407872067842088,True,0.0620005535041472,0.03795862551384328,0.03795862551384328,True,0.06482913477451281
Location_Jalandhar,0.0611116601932856,0.0070844725242235,0.0611116601932856,0.0070844725242235,0.054027187669062,-0.0,0.0,False,0.0611116601932856,-0.0,0.0,False,0.0611116601932856
Location_Udupi,0.1753759810962319,0.1220393444048785,0.1753759810962319,0.1220393444048785,0.0533366366913533,0.0926536400585409,0.0926536400585409,True,0.082722341037691,0.0685429814571163,0.0685429814571163,True,0.10683299963911559
Location_Meerut,0.0960299350913381,0.042855912629287,0.0960299350913381,0.042855912629287,0.0531740224620511,0.0007498150294141,0.0007498150294141,True,0.0952801200619239,0.0,0.0,False,0.0960299350913381
Location_Pune,0.1740508215523979,0.1209188241744987,0.1740508215523979,0.1209188241744987,0.0531319973778991,0.1102121588438701,0.1102121588438701,True,0.0638386627085277,0.10580470447289142,0.10580470447289142,True,0.06824611707950648
Location_Bangalore,0.2440473349077006,0.1915884489545447,0.2440473349077006,0.1915884489545447,0.0524588859531558,0.1808554885029926,0.1808554885029926,True,0.063191846404708,0.17622896450086414,0.17622896450086414,True,0.06781837040683647
Location_Delhi,0.0648090989210344,0.0139114069422425,0.0648090989210344,0.0139114069422425,0.0508976919787918,0.0022284190023362,0.0022284190023362,True,0.0625806799186981,0.0,0.0,False,0.0648090989210344
Location_Noida,0.0694538723613639,0.0186657572303871,0.0694538723613639,0.0186657572303871,0.0507881151309767,0.0007426325911186,0.0007426325911186,True,0.0687112397702452,0.0,0.0,False,0.0694538723613639
Location_Ahmedabad,0.0502879483800512,-0.0020240270393749,0.0502879483800512,0.0020240270393749,0.0482639213406762,-0.0066297181840028,0.0066297181840028,True,0.0436582301960483,-0.004969166376963356,0.004969166376963356,True,0.045318782003087844
Location_Chennai,0.2599326648089639,0.2118376955198356,0.2599326648089639,0.2118376955198356,0.0480949692891282,0.1979414757005834,0.1979414757005834,True,0.0619911891083804,0.19391006594234417,0.19391006594234417,True,0.06602259886661971
Location_Bhopal,0.1249278113278917,0.0769977733136552,0.1249278113278917,0.0769977733136552,0.0479300380142364,0.0305566914776529,0.0305566914776529,True,0.0943711198502387,0.004256714034439518,0.004256714034439518,True,0.12067109729345218
Location_Patna,0.0784165937117436,0.0309076386981702,0.0784165937117436,0.0309076386981702,0.0475089550135733,0.0174787032157718,0.0174787032157718,True,0.0609378904959717,0.014074259565605391,0.014074259565605391,True,0.06434233414613821
Color_Yellow,0.0692016162233172,-0.0225124058749561,0.0692016162233172,0.0225124058749561,0.046689210348361,-0.0261154340191964,0.0261154340191964,True,0.0430861822041207,-0.000948999967983975,0.000948999967983975,True,0.06825261625533323
Model_Q3 35 TDI Premium + Sunroof,-0.1497448178820269,-0.103066719035186,0.1497448178820269,0.103066719035186,0.0466780988468408,-0.0799806729158606,0.0799806729158606,True,0.0697641449661662,-0.03067886164155947,0.03067886164155947,True,0.11906595624046742
Model_A6 35 TDI Matrix,-0.0692012382670924,-0.0235063829005095,0.0692012382670924,0.0235063829005095,0.0456948553665828,-0.0197869382679789,0.0197869382679789,True,0.0494142999991134,-0.0,0.0,False,0.0692012382670924
Location_Thane,0.0476594155640699,-0.0081865894057302,0.0476594155640699,0.0081865894057302,0.0394728261583396,-0.0063912953111797,0.0063912953111797,True,0.0412681202528901,-0.0,0.0,False,0.0476594155640699
Location_Mohali,0.0466510100016581,-0.0089696307815668,0.0466510100016581,0.0089696307815668,0.0376813792200912,-0.0151997232676706,0.0151997232676706,True,0.0314512867339874,-0.017216406440541558,0.017216406440541558,True,0.02943460356111654
Model_Fortuner 3.0 4x4 MT,0.2101364797951739,0.1762859360351558,0.2101364797951739,0.1762859360351558,0.033850543760018,0.1890588366606378,0.1890588366606378,True,0.0210776431345361,0.1521588528748629,0.1521588528748629,True,0.057977626920311026
Model_Fortuner 2.8 4x2 AT [2016-2020],0.2173474562017897,0.1874783432689052,0.2173474562017897,0.1874783432689052,0.0298691129328844,0.1956221677138767,0.1956221677138767,True,0.0217252884879129,0.15133728898283005,0.15133728898283005,True,0.06601016721895964
Model_Wagon R VXI,-0.035234745936558,-0.0080884152454929,0.035234745936558,0.0080884152454929,0.027146330691065,-0.0,0.0,False,0.035234745936558,-0.0,0.0,False,0.035234745936558
Model_i20 Magna 1.2,-0.2603974068472954,-0.2339267476920748,0.2603974068472954,0.2339267476920748,0.0264706591552205,-0.218912095817876,0.218912095817876,True,0.0414853110294193,-0.18869571910605956,0.18869571910605956,True,0.07170168774123584
Model_Grand i10 Magna 1.2 Kappa VTVT [2013-2016],-0.0981731754104734,-0.0782750952462837,0.0981731754104734,0.0782750952462837,0.0198980801641896,-0.0508128005189092,0.0508128005189092,True,0.0473603748915641,-0.01621850957439645,0.01621850957439645,True,0.08195466583607695
Model_Verna 1.6 CRDI SX,-0.1876592778410475,-0.1679287875836073,0.1876592778410475,0.1679287875836073,0.0197304902574401,-0.1338823273880912,0.1338823273880912,True,0.0537769504529562,-0.09352377116010939,0.09352377116010939,True,0.0941355066809381
Model_GLA 200 d Sport,-0.0239881693490277,0.0059569449264285,0.0239881693490277,0.0059569449264285,0.0180312244225991,0.0,0.0,False,0.0239881693490277,0.0,0.0,False,0.0239881693490277
Model_Wagon R LXI CNG (O),-0.050425140028152,-0.0330241840186737,0.050425140028152,0.0330241840186737,0.0174009560094782,-0.0,0.0,False,0.050425140028152,-0.0,0.0,False,0.050425140028152
Model_X1 sDrive20d xLine,-0.1448465037565726,-0.1286264555291194,0.1448465037565726,0.1286264555291194,0.0162200482274531,-0.1116043086482958,0.1116043086482958,True,0.0332421951082767,-0.09377932382473672,0.09377932382473672,True,0.05106717993183588
Model_Innova 2.8 ZX AT 7 STR [2016-2020],-0.1641331999360955,-0.1486894495494933,0.1641331999360955,0.1486894495494933,0.0154437503866021,-0.1210407541319588,0.1210407541319588,True,0.0430924458041366,-0.09689742335476374,0.09689742335476374,True,0.06723577658133174
Model_Swift VDi,0.1007530468746931,0.0856524311673089,0.1007530468746931,0.0856524311673089,0.0151006157073841,0.0799536366105906,0.0799536366105906,True,0.0207994102641024,0.04526133052345453,0.04526133052345453,True,0.05549171635123856
Height,0.0975345742010361,0.0824710107154734,0.0975345742010361,0.0824710107154734,0.0150635634855626,0.0897579170457796,0.0897579170457796,True,0.0077766571552564,0.08236865928437838,0.08236865928437838,True,0.015165914916657725
Model_City 1.5 S MT,-0.0798435355144511,-0.065772453008422,0.0798435355144511,0.065772453008422,0.014071082506029,-0.0371265915079813,0.0371265915079813,True,0.0427169440064697,-0.00808011002860084,0.00808011002860084,True,0.07176342548585025
Fuel Type_Diesel,0.0740214389426846,0.0612170240903039,0.0740214389426846,0.0612170240903039,0.0128044148523806,0.0633270670695721,0.0633270670695721,True,0.0106943718731124,0.04602707602697244,0.04602707602697244,True,0.027994362915712168
Torque_NM,-0.1412523676140258,-0.1284798288850127,0.1412523676140258,0.1284798288850127,0.012772538729013,-0.1269733938344786,0.1269733938344786,True,0.0142789737795471,-0.11142291924654012,0.11142291924654012,True,0.029829448367485675
Model_Grand i10 Asta 1.2 Kappa VTVT [2013-2016],-0.0172070076228445,-0.0054421359096781,0.0172070076228445,0.0054421359096781,0.0117648717131663,0.0,0.0,False,0.0172070076228445,0.0,0.0,False,0.0172070076228445
Model_GLC 220 d Progressive,0.1634690464456539,0.1521566531836675,0.1634690464456539,0.1521566531836675,0.0113123932619863,0.1422936929674161,0.1422936929674161,True,0.0211753534782377,0.10983494455442233,0.10983494455442233,True,0.05363410189123158
Model_E-Class E 220d Exclusive [2019-2019],0.1217362079894171,0.1113088803512481,0.1217362079894171,0.1113088803512481,0.010427327638169,0.0960405205194875,0.0960405205194875,True,0.0256956874699295,0.05701752436154646,0.05701752436154646,True,0.06471868362787064
missingindicator_Power_RPM,-0.012603606171201,0.0022103522051455,0.012603606171201,0.0022103522051455,0.0103932539660554,0.0,0.0,False,0.012603606171201,0.007482836243635421,0.007482836243635421,True,0.005120769927565578
Model_Creta SX 1.6 AT Petrol,-0.0118206747500131,-0.0016995663831574,0.0118206747500131,0.0016995663831574,0.0101211083668556,0.0,0.0,False,0.0118206747500131,0.0,0.0,False,0.0118206747500131
Model_V40 D3 R-Design,-0.0652100227487303,-0.0552921773166562,0.0652100227487303,0.0552921773166562,0.009917845432074,-0.0,0.0,False,0.0652100227487303,-0.0,0.0,False,0.0652100227487303
Location_Chandigarh,0.0285023737036048,-0.0191414338326174,0.0285023737036048,0.0191414338326174,0.0093609398709873,-0.0233791128305262,0.0233791128305262,True,0.0051232608730785,-0.016408552869399448,0.016408552869399448,True,0.012093820834205352
Model_Vitara Brezza VDi (O) [2016-2018],-0.0178673171368065,-0.0096217643184911,0.0178673171368065,0.0096217643184911,0.0082455528183153,-0.0,0.0,False,0.0178673171368065,-0.0,0.0,False,0.0178673171368065
Model_Kwid RXT [2015-2019],0.0252002873310325,0.0175480702184843,0.0252002873310325,0.0175480702184843,0.0076522171125481,0.0,0.0,False,0.0252002873310325,0.0,0.0,False,0.0252002873310325
Model_Swift DZire VDI,0.0200264182187687,0.0124691170635205,0.0200264182187687,0.0124691170635205,0.0075573011552481,0.0110059869382652,0.0110059869382652,True,0.0090204312805034,0.0,0.0,False,0.0200264182187687
Model_Vitara Brezza ZDi,0.1213333157912911,0.1141179424246606,0.1213333157912911,0.1141179424246606,0.0072153733666304,0.1028798920224558,0.1028798920224558,True,0.0184534237688352,0.0703936090012075,0.0703936090012075,True,0.0509397067900836
Model_Baleno Delta 1.2,-0.0468590163481215,-0.0400791114800275,0.0468590163481215,0.0400791114800275,0.0067799048680939,-0.0121023548820101,0.0121023548820101,True,0.0347566614661113,-0.0,0.0,False,0.0468590163481215
Model_Swift VXi [2014-2017],-0.0361555341444564,-0.0300262519559555,0.0361555341444564,0.0300262519559555,0.0061292821885008,-0.0,0.0,False,0.0361555341444564,-0.0,0.0,False,0.0361555341444564
Model_City 1.5 V AT,-0.1595322841737976,-0.1540070310473285,0.1595322841737976,0.1540070310473285,0.005525253126469,-0.1190916819806964,0.1190916819806964,True,0.0404406021931011,-0.09234245718199556,0.09234245718199556,True,0.06718982699180205
Seller Type_Individual,0.0413173029674602,0.0364226142586874,0.0413173029674602,0.0364226142586874,0.0048946887087727,-0.0,0.0,False,0.0413173029674602,-0.0,0.0,False,0.0413173029674602
Seller Type_Corporate,0.1003734344823768,0.0957329676332308,0.1003734344823768,0.0957329676332308,0.0046404668491459,0.0544551740711359,0.0544551740711359,True,0.0459182604112408,0.05314810375305386,0.05314810375305386,True,0.047225330729322945
Length,0.224585606112878,0.2204824335015912,0.224585606112878,0.2204824335015912,0.0041031726112867,0.2218126032829409,0.2218126032829409,True,0.002773002829937,0.2169196480563174,0.2169196480563174,True,0.007665958056560618
Engine_CC,0.0248003078943992,0.0207149321177761,0.0248003078943992,0.0207149321177761,0.004085375776623,0.0184035866243628,0.0184035866243628,True,0.0063967212700363,0.01415356951063133,0.01415356951063133,True,0.010646738383767871
Model_GLE 300d 4MATIC LWB,0.007384365127752,0.0033409804597662,0.007384365127752,0.0033409804597662,0.0040433846679857,0.0,0.0,False,0.007384365127752,0.0,0.0,False,0.007384365127752
Model_Verna Fluidic 1.6 CRDi SX,-0.2168590193682145,-0.2131682157156725,0.2168590193682145,0.2131682157156725,0.0036908036525419,-0.1937417892453682,0.1937417892453682,True,0.0231172301228462,-0.17704190876266068,0.17704190876266068,True,0.03981711060555382
missingindicator_Fuel Tank Capacity,-0.0034679068643128,-0.000108079293538,0.0034679068643128,0.000108079293538,0.0033598275707747,-0.0,0.0,False,0.0034679068643128,0.002271691551190578,0.002271691551190578,True,0.0011962153131222218
Seating Capacity,-0.0456352860232528,-0.0424654901703499,0.0456352860232528,0.0424654901703499,0.0031697958529028,-0.0438007785495748,0.0438007785495748,True,0.0018345074736779,-0.042100934176559024,0.042100934176559024,True,0.0035343518466937757
Model_GLE 250 d,-0.0232981170189434,-0.0203450675062694,0.0232981170189434,0.0203450675062694,0.0029530495126739,-0.0,0.0,False,0.0232981170189434,-0.0,0.0,False,0.0232981170189434
Model_Creta 1.6 SX Plus AT Petrol,0.0651615835889707,0.0624112011513473,0.0651615835889707,0.0624112011513473,0.0027503824376233,0.0516063022448582,0.0516063022448582,True,0.0135552813441124,0.025977286472814137,0.025977286472814137,True,0.03918429711615656
missingindicator_Torque_RPM_Clean,0.0062836566609003,0.0036719469926362,0.0062836566609003,0.0036719469926362,0.002611709668264,6.157794371554832e-17,6.157794371554832e-17,True,0.0062836566609002,0.0,0.0,False,0.0062836566609003
missingindicator_Torque_NM,0.0062836566609003,0.0036719469926362,0.0062836566609003,0.0036719469926362,0.002611709668264,0.0013999999999996,0.0013999999999996,True,0.0048836566609006,0.0,0.0,False,0.0062836566609003
missingindicator_Power_BHP,0.0062836566609003,0.0036719469926362,0.0062836566609003,0.0036719469926362,0.002611709668264,5.551115123125784e-17,5.551115123125784e-17,True,0.0062836566609002,3.0640578239995285e-06,3.0640578239995285e-06,True,0.0062805926030763005
missingindicator_Engine_CC,0.0062836566609003,0.0036719469926362,0.0062836566609003,0.0036719469926362,0.002611709668264,0.014051212974757,0.014051212974757,True,-0.0077675563138567,0.009456050628174664,0.009456050628174664,True,-0.003172393967274364
Make_MINI,0.5092254472854469,0.506719402400813,0.5092254472854469,0.506719402400813,0.0025060448846339,0.5013319841902493,0.5013319841902493,True,0.0078934630951976,0.4945450141678461,0.4945450141678461,True,0.014680433117600866
Model_infrequent_sklearn,-0.0689101922970554,-0.0665502370805519,0.0689101922970554,0.0665502370805519,0.0023599552165034,-0.0567394468628311,0.0567394468628311,True,0.0121707454342242,-0.05781811383385772,0.05781811383385772,True,0.01109207846319768
Power_BHP,0.3298520299319198,0.3276855387949119,0.3298520299319198,0.3276855387949119,0.0021664911370078,0.3274467198094483,0.3274467198094483,True,0.0024053101224715,0.3237931404401396,0.3237931404401396,True,0.006058889491780184
Vehicle_Age,-0.3860217024164334,-0.384528350109946,0.3860217024164334,0.384528350109946,0.0014933523064873,-0.3864729114988928,0.3864729114988928,True,-0.0004512090824594,-0.38693066010530164,0.38693066010530164,True,-0.0009089576888682283
Model_Swift VXi,0.0878495312016607,0.0863802377747229,0.0878495312016607,0.0863802377747229,0.0014692934269377,0.0833431809059409,0.0833431809059409,True,0.0045063502957198,0.06271841018310724,0.06271841018310724,True,0.025131121018553457
Model_Alto VXi,0.009756040915063,0.0086696680472572,0.009756040915063,0.0086696680472572,0.0010863728678057,0.0,0.0,False,0.009756040915063,0.0,0.0,False,0.009756040915063
Model_Alto 800 Lxi,-0.0307645951371101,-0.0306633774417513,0.0307645951371101,0.0306633774417513,0.0001012176953587,-0.0074186808557255,0.0074186808557255,True,0.0233459142813845,-0.0,0.0,False,0.0307645951371101
missingindicator_Height,0.0002210109597417,-0.0003902938734424,0.0002210109597417,0.0003902938734424,-0.0001692829137007,-0.0,0.0,False,0.0002210109597417,-1.3765943877513711e-10,1.3765943877513711e-10,True,0.00022101082208226123
missingindicator_Length,0.0002210109597417,-0.0003902938734424,0.0002210109597417,0.0003902938734424,-0.0001692829137007,-0.0029410212557504,0.0029410212557504,True,-0.0027200102960087,-0.0046589769138041135,0.0046589769138041135,True,-0.004437965954062414
missingindicator_Seating Capacity,0.0002210109597417,-0.0003902938734424,0.0002210109597417,0.0003902938734424,-0.0001692829137007,-0.0,0.0,False,0.0002210109597417,-1.0847133632422227e-14,1.0847133632422227e-14,True,0.00022101095973085287
missingindicator_Width,0.0002210109597417,-0.0003902938734424,0.0002210109597417,0.0003902938734424,-0.0001692829137007,-1.6269502779336036e-14,1.6269502779336036e-14,True,0.0002210109597254,-1.1506439435481272e-06,1.1506439435481272e-06,True,0.0002198603157981519
Model_Scorpio S10,0.1634962916229003,0.1638808703606386,0.1634962916229003,0.1638808703606386,-0.0003845787377383,0.1521665673443277,0.1521665673443277,True,0.0113297242785725,0.12632727468946967,0.12632727468946967,True,0.03716901693343064
Kilometer,-0.0285110446085488,-0.0290755956878259,0.0285110446085488,0.0290755956878259,-0.0005645510792771,-0.0289003766988689,0.0289003766988689,True,-0.0003893320903201,-0.029402261455337086,0.029402261455337086,True,-0.0008912168467882856
Owner_Second,-0.0480800465883402,-0.0487072466894512,0.0480800465883402,0.0487072466894512,-0.000627200101111,-0.0475327536546857,0.0475327536546857,True,0.0005472929336544,-0.0450194074847347,0.0450194074847347,True,0.003060639103605496
Model_Kwid 1.0 RXT [2016-2019],-0.0849589961716675,-0.0856447035467213,0.0849589961716675,0.0856447035467213,-0.0006857073750538,-0.0443283216840396,0.0443283216840396,True,0.0406306744876278,-0.011539345534091128,0.011539345534091128,True,0.07341965063757637
Model_Wagon R LXi,0.1205752377572995,0.1217705046294199,0.1205752377572995,0.1217705046294199,-0.0011952668721204,0.0949308616410938,0.0949308616410938,True,0.0256443761162056,0.06551852278514896,0.06551852278514896,True,0.05505671497215055
Model_Baleno Zeta 1.2,0.0479488462988883,0.0497941856482502,0.0479488462988883,0.0497941856482502,-0.0018453393493619,0.0153460413398036,0.0153460413398036,True,0.0326028049590846,0.0,0.0,False,0.0479488462988883
Model_Swift DZire VXI,0.102350154715747,0.1042651713764536,0.102350154715747,0.1042651713764536,-0.0019150166607065,0.0938875673578473,0.0938875673578473,True,0.0084625873578996,0.07665647371769789,0.07665647371769789,True,0.025693680998049112
Width,0.0202131353602388,0.0226237715047897,0.0202131353602388,0.0226237715047897,-0.0024106361445509,0.0211871652381684,0.0211871652381684,True,-0.0009740298779296,0.022192538667885724,0.022192538667885724,True,-0.001979403307646923
Power_RPM,0.0017991314809839,0.0049539375637818,0.0017991314809839,0.0049539375637818,-0.0031548060827979,0.0005864559762018,0.0005864559762018,True,0.001212675504782,0.0,0.0,False,0.0017991314809839
Location_infrequent_sklearn,0.0239065732896915,-0.0288587515184004,0.0239065732896915,0.0288587515184004,-0.0049521782287089,-0.0355572347283426,0.0355572347283426,True,-0.0116506614386511,-0.03652843875097644,0.03652843875097644,True,-0.012621865461284937
Torque_RPM_Clean,-0.0488507580840578,-0.0539466129837053,0.0488507580840578,0.0539466129837053,-0.0050958548996475,-0.0490320096335724,0.0490320096335724,True,-0.0001812515495146,-0.05012406865993323,0.05012406865993323,True,-0.0012733105758754235
Model_5-Series 520d Luxury Line [2017-2019],0.0838974075697748,0.0890332649690699,0.0838974075697748,0.0890332649690699,-0.0051358573992951,0.0750652584970557,0.0750652584970557,True,0.008832149072719,0.052586696462100624,0.052586696462100624,True,0.03131071110767418
Owner_Third,-0.0712174759372603,-0.0766491704070794,0.0712174759372603,0.0766491704070794,-0.0054316944698191,-0.0674861809947615,0.0674861809947615,True,0.0037312949424987,-0.06491631303153443,0.06491631303153443,True,0.006301162905725868
Model_Celerio VXi AMT,-0.0054967216675702,-0.0120597700259992,0.0054967216675702,0.0120597700259992,-0.006563048358429,0.0,0.0,False,0.0054967216675702,-0.0,0.0,False,0.0054967216675702
Model_Fortuner 3.0 4x2 AT,-0.0403688121941948,-0.0484528267383249,0.0403688121941948,0.0484528267383249,-0.0080840145441301,-0.0040092550716438,0.0040092550716438,True,0.0363595571225509,-0.0,0.0,False,0.0403688121941948
Fuel Tank Capacity,0.01089046418905,0.0197911396525185,0.01089046418905,0.0197911396525185,-0.0089006754634685,0.0172326881842815,0.0172326881842815,True,-0.0063422239952315,0.023340119310389186,0.023340119310389186,True,-0.012449655121339186
Model_i10 Magna 1.2 Kappa2,0.088487345358285,0.0978790498282629,0.088487345358285,0.0978790498282629,-0.0093917044699779,0.084048334991306,0.084048334991306,True,0.0044390103669789,0.06512373290292421,0.06512373290292421,True,0.023363612455360783
Model_City V,0.0003834827110553,0.0112940700750684,0.0003834827110553,0.0112940700750684,-0.0109105873640131,0.0,0.0,False,0.0003834827110553,0.0,0.0,False,0.0003834827110553
Fuel Type_Petrol,-0.0684653668408702,-0.0800368822545096,0.0684653668408702,0.0800368822545096,-0.0115715154136394,-0.0716658186194631,0.0716658186194631,True,-0.0032004517785929,-0.082598272971829,0.082598272971829,True,-0.0141329061309588
Drivetrain_FWD,0.0064201071578496,-0.0183829928364851,0.0064201071578496,0.0183829928364851,-0.0119628856786355,-0.0024380573197497,0.0024380573197497,True,0.0039820498380998,-0.006549090344739118,0.006549090344739118,True,-0.0001289831868895178
Transmission_Manual,-0.1675974580201162,-0.1825213599359094,0.1675974580201162,0.1825213599359094,-0.0149239019157932,-0.1754138204559299,0.1754138204559299,True,-0.0078163624358137,-0.18394139215267657,0.18394139215267657,True,-0.016343934132560384
Drivetrain_RWD,-0.0132569108125313,-0.0319124390453927,0.0132569108125313,0.0319124390453927,-0.0186555282328614,-0.0190181586109569,0.0190181586109569,True,-0.0057612477984256,-0.021018909290869147,0.021018909290869147,True,-0.007761998478337848
Make_Porsche,0.4055134260767021,0.4246279269748587,0.4055134260767021,0.4246279269748587,-0.0191145008981566,0.4172929264821731,0.4172929264821731,True,-0.011779500405471,0.42318597858475404,0.42318597858475404,True,-0.017672552508051942
Owner_UnRegistered Car,0.0707565049082994,0.0907605494385312,0.0707565049082994,0.0907605494385312,-0.0200040445302317,0.0658274726447157,0.0658274726447157,True,0.0049290322635836,0.060688064302890476,0.060688064302890476,True,0.01006844060540893
Make_Land Rover,0.4229315454115313,0.4516869339506543,0.4229315454115313,0.4516869339506543,-0.028755388539123,0.4410866618530116,0.4410866618530116,True,-0.0181551164414803,0.45645149213453556,0.45645149213453556,True,-0.03351994672300429
Make_Jaguar,0.2085424480709353,0.2378466018149288,0.2085424480709353,0.2378466018149288,-0.0293041537439935,0.2228751287232932,0.2228751287232932,True,-0.0143326806523579,0.2323933089226029,0.2323933089226029,True,-0.0238508608516676
Drivetrain_Missing,-0.0420019347584787,-0.0715329207647638,0.0420019347584787,0.0715329207647638,-0.0295309860062851,-0.0480416041576691,0.0480416041576691,True,-0.0060396693991904,-0.049212341599111066,0.049212341599111066,True,-0.007210406840632365
Make_Volvo,-0.0079717862869258,0.0399660524449415,0.0079717862869258,0.0399660524449415,-0.0319942661580157,0.0,0.0,False,0.0079717862869258,0.0009403334074700219,0.0009403334074700219,True,0.007031452879455779
Location_Zirakpur,0.0110661832962232,-0.0440900514684253,0.0110661832962232,0.0440900514684253,-0.0330238681722021,-0.036276245821409,0.036276245821409,True,-0.0252100625251858,-0.025013235764143826,0.025013235764143826,True,-0.013947052467920626
Make_BMW,0.0178719653352314,0.057734484083646,0.0178719653352314,0.057734484083646,-0.0398625187484146,0.0392278457254218,0.0392278457254218,True,-0.0213558803901904,0.055541568968893,0.055541568968893,True,-0.037669603633661605
Make_Mercedes-Benz,0.0795944152661948,0.1212459428707253,0.0795944152661948,0.1212459428707253,-0.0416515276045305,0.1060584700655963,0.1060584700655963,True,-0.0264640547994015,0.12803735100728933,0.12803735100728933,True,-0.048442935741094525
Location_Gurgaon,-0.0009764183463242,-0.0426439865302204,0.0009764183463242,0.0426439865302204,-0.0416675681838962,-0.0480086429319781,0.0480086429319781,True,-0.0470322245856539,-0.03698399982975901,0.03698399982975901,True,-0.03600758148343481
Location_Nashik,-0.0303414441922875,-0.0725825172430593,0.0303414441922875,0.0725825172430593,-0.0422410730507718,-0.0744385078810615,0.0744385078810615,True,-0.044097063688774,-0.05807756828392486,0.05807756828392486,True,-0.02773612409163736
Location_Surat,-0.0078037569516713,-0.0527714260014284,0.0078037569516713,0.0527714260014284,-0.0449676690497571,-0.0418029708855062,0.0418029708855062,True,-0.0339992139338349,-0.01801530029845348,0.01801530029845348,True,-0.01021154334678218
Location_Varanasi,-0.0060575971717561,-0.0542105780003281,0.0060575971717561,0.0542105780003281,-0.048152980828572,-0.0472193749608881,0.0472193749608881,True,-0.041161777789132,-0.03466952693736815,0.03466952693736815,True,-0.028611929765612047
Location_Jamshedpur,-0.0166691676864241,-0.0673396652475319,0.0166691676864241,0.0673396652475319,-0.0506704975611078,-0.0623036978287269,0.0623036978287269,True,-0.0456345301423028,-0.05219644968525272,0.05219644968525272,True,-0.035527281998828625
Location_Ranchi,-0.0519639050013829,-0.1046414625039173,0.0519639050013829,0.1046414625039173,-0.0526775575025344,-0.1156591724660632,0.1156591724660632,True,-0.0636952674646803,-0.10827659175026466,0.10827659175026466,True,-0.05631268674888176
Location_Kolkata,-0.1020424175385415,-0.1549413979825544,0.1020424175385415,0.1549413979825544,-0.0528989804440129,-0.1610638401433823,0.1610638401433823,True,-0.0590214226048407,-0.16107888853734534,0.16107888853734534,True,-0.05903647099880384
Location_Ambala Cantt,-0.1035072738856193,-0.1575805495654953,0.1035072738856193,0.1575805495654953,-0.054073275679876,-0.1528340920913714,0.1528340920913714,True,-0.0493268182057521,-0.14694181407732446,0.14694181407732446,True,-0.04343454019170516
Location_Faridabad,-0.0096387555753954,-0.0648261152390915,0.0096387555753954,0.0648261152390915,-0.0551873596636961,-0.065595933584081,0.065595933584081,True,-0.0559571780086856,-0.06246771590918851,0.06246771590918851,True,-0.05282896033379311
Location_Kanpur,-0.0337524841840906,-0.0931434443947074,0.0337524841840906,0.0931434443947074,-0.0593909602106168,-0.0965753948139618,0.0965753948139618,True,-0.0628229106298712,-0.10105051231807309,0.10105051231807309,True,-0.06729802813398249
