Feature,Linear Coefficient,Ridge Coefficient,Absolute Linear Coefficient,Absolute Ridge Coefficient,Magnitude Change
Make_Datsun,-0.9942484233889488,-0.8259508719550319,0.9942484233889488,0.8259508719550319,0.1682975514339169
Make_Chevrolet,-0.8855135548729908,-0.7219585528185921,0.8855135548729908,0.7219585528185921,0.16355500205439866
Make_Nissan,-0.8088778969425697,-0.6775165835431468,0.8088778969425697,0.6775165835431468,0.13136131339942292
Make_MG,-0.7049493092647064,-0.5795326164833928,0.7049493092647064,0.5795326164833928,0.12541669278131362
Make_Renault,-0.801004981775245,-0.6851343989904989,0.801004981775245,0.6851343989904989,0.11587058278474616
Make_Tata,-0.8225513713854032,-0.7120918640725759,0.8225513713854032,0.7120918640725759,0.11045950731282739
Make_Kia,-0.5094232639178907,-0.4014258860478112,0.5094232639178907,0.4014258860478112,0.10799737787007951
Color_infrequent_sklearn,0.2382617896968635,0.13280316998029404,0.2382617896968635,0.13280316998029404,0.10545861971656947
Owner_infrequent_sklearn,-0.6517700104786432,-0.5514152895557227,0.6517700104786432,0.5514152895557227,0.10035472092292053
Color_Orange,0.186562424097606,0.08660185601415435,0.186562424097606,0.08660185601415435,0.09996056808345166
Make_Maruti Suzuki,-0.6316670320958914,-0.5328671579555244,0.6316670320958914,0.5328671579555244,0.09879987414036695
Make_Mahindra,-0.6399199473481096,-0.5418245826209286,0.6399199473481096,0.5418245826209286,0.09809536472718106
Make_Honda,-0.6143623004040638,-0.5170407335731056,0.6143623004040638,0.5170407335731056,0.09732156683095816
Make_Toyota,-0.3665896849583075,-0.2722834225511875,0.3665896849583075,0.2722834225511875,0.09430626240712003
Fuel Type_Electric,0.163315878828822,0.06999486155521875,0.163315878828822,0.06999486155521875,0.09332101727360326
Color_Bronze,0.1041912419595538,0.012723996198273446,0.1041912419595538,0.012723996198273446,0.09146724576128036
Make_Hyundai,-0.555167544029624,-0.4647279534278143,0.555167544029624,0.4647279534278143,0.09043959060180967
Make_Ford,-0.5744519209700933,-0.4845693140542136,0.5744519209700933,0.4845693140542136,0.08988260691587974
Color_Brown,0.140074189840237,0.05043749983684328,0.140074189840237,0.05043749983684328,0.08963669000339372
Make_Jeep,-0.480792549069217,-0.3914668934291178,0.480792549069217,0.3914668934291178,0.0893256556400992
Color_Maroon,0.1253555695537822,0.03640075589414297,0.1253555695537822,0.03640075589414297,0.08895481365963923
Color_Grey,0.1467561263183316,0.057882856154858275,0.1467561263183316,0.057882856154858275,0.08887327016347332
Color_Others,0.1098576312232708,0.021359859585853715,0.1098576312232708,0.021359859585853715,0.0884977716374171
Color_Gold,0.1553395463805603,0.0679207462484884,0.1553395463805603,0.0679207462484884,0.0874188001320719
Color_Black,0.1320250048902998,0.044857751734184576,0.1320250048902998,0.044857751734184576,0.08716725315611523
Color_Red,0.1399864033816618,0.053312929659135005,0.1399864033816618,0.053312929659135005,0.08667347372252679
Color_Silver,0.0921277546254489,0.006895601482761766,0.0921277546254489,0.006895601482761766,0.08523215314268713
Color_White,0.1402262277014314,0.05571210698818054,0.1402262277014314,0.05571210698818054,0.08451412071325085
Make_Volkswagen,-0.6159173688896646,-0.532029937499473,0.6159173688896646,0.532029937499473,0.08388743139019161
Color_Blue,0.1391520687780913,0.059686121536141175,0.1391520687780913,0.059686121536141175,0.07946594724195014
Make_Skoda,-0.5337037703215703,-0.45752053369314905,0.5337037703215703,0.45752053369314905,0.0761832366284213
Color_Green,0.1313308145384506,0.056012026019591335,0.1313308145384506,0.056012026019591335,0.07531878851885927
Location_Navi Mumbai,0.1236261988806165,0.04845835087729298,0.1236261988806165,0.04845835087729298,0.07516784800332352
Make_infrequent_sklearn,-0.1396949476029974,-0.06652959399769193,0.1396949476029974,0.06652959399769193,0.07316535360530546
Location_Indore,0.1897648012442082,0.11942085023790873,0.1897648012442082,0.11942085023790873,0.07034395100629946
Model_A6 2.0 TDI Premium,-0.2387319961051015,-0.1715489815243384,0.2387319961051015,0.1715489815243384,0.06718301458076312
Location_Mangalore,0.1687981370295597,0.10630477206292342,0.1687981370295597,0.10630477206292342,0.06249336496663628
Model_Fortuner 2.8 4x4 AT [2016-2020],0.31750495747251,0.25531838562693104,0.31750495747251,0.25531838562693104,0.062186571845578964
Location_Karnal,0.1291022093326994,0.0686806458480204,0.1291022093326994,0.0686806458480204,0.06042156348467899
Location_Jaipur,0.1034378866646825,0.0443692400684022,0.1034378866646825,0.0443692400684022,0.0590686465962803
Location_Dehradun,0.1698567301644851,0.11124063950068136,0.1698567301644851,0.11124063950068136,0.058616090663803744
Fuel Type_infrequent_sklearn,0.3296657376934114,0.2715834451729415,0.3296657376934114,0.2715834451729415,0.058082292520469925
Location_Guwahati,0.119970139500128,0.06190616022441054,0.119970139500128,0.06190616022441054,0.05806397927571746
Location_Ludhiana,0.0903433428030547,0.03312752623104004,0.0903433428030547,0.03312752623104004,0.05721581657201466
Location_Coimbatore,0.2701275035737754,0.21506476214336823,0.2701275035737754,0.21506476214336823,0.05506274143040718
Location_Raipur,0.0681356277584506,0.01336330453340381,0.0681356277584506,0.01336330453340381,0.054772323225046785
Location_Lucknow,0.0646764707363927,0.009976360892286578,0.0646764707363927,0.009976360892286578,0.054700109844106115
Location_Hyderabad,0.1886703282503447,0.1345563480253077,0.1886703282503447,0.1345563480253077,0.054113980225036995
Location_Mumbai,0.1027877602883561,0.04875606396632618,0.1027877602883561,0.04875606396632618,0.054031696322029914
Location_Jalandhar,0.0611116601932856,0.0070844725242235704,0.0611116601932856,0.0070844725242235704,0.05402718766906203
Location_Udupi,0.1753759810962319,0.12203934440487853,0.1753759810962319,0.12203934440487853,0.05333663669135337
Location_Meerut,0.0960299350913381,0.042855912629287,0.0960299350913381,0.042855912629287,0.0531740224620511
Location_Pune,0.1740508215523979,0.12091882417449877,0.1740508215523979,0.12091882417449877,0.05313199737789913
Location_Bangalore,0.2440473349077006,0.19158844895454477,0.2440473349077006,0.19158844895454477,0.05245888595315584
Location_Delhi,0.0648090989210344,0.013911406942242563,0.0648090989210344,0.013911406942242563,0.050897691978791834
Location_Noida,0.0694538723613639,0.018665757230387138,0.0694538723613639,0.018665757230387138,0.05078811513097676
Location_Ahmedabad,0.0502879483800512,-0.0020240270393749684,0.0502879483800512,0.0020240270393749684,0.04826392134067623
Location_Chennai,0.2599326648089639,0.21183769551983567,0.2599326648089639,0.21183769551983567,0.04809496928912821
Location_Bhopal,0.1249278113278917,0.07699777331365523,0.1249278113278917,0.07699777331365523,0.04793003801423647
Location_Patna,0.0784165937117436,0.030907638698170235,0.0784165937117436,0.030907638698170235,0.04750895501357337
Color_Yellow,0.0692016162233172,-0.022512405874956162,0.0692016162233172,0.022512405874956162,0.04668921034836104
Model_Q3 35 TDI Premium + Sunroof,-0.1497448178820269,-0.10306671903518606,0.1497448178820269,0.10306671903518606,0.046678098846840835
Model_A6 35 TDI Matrix,-0.0692012382670924,-0.02350638290050959,0.0692012382670924,0.02350638290050959,0.04569485536658281
Location_Thane,0.0476594155640699,-0.008186589405730261,0.0476594155640699,0.008186589405730261,0.039472826158339636
Location_Mohali,0.0466510100016581,-0.008969630781566854,0.0466510100016581,0.008969630781566854,0.037681379220091245
Model_Fortuner 3.0 4x4 MT,0.2101364797951739,0.17628593603515588,0.2101364797951739,0.17628593603515588,0.03385054376001803
Model_Fortuner 2.8 4x2 AT [2016-2020],0.2173474562017897,0.18747834326890525,0.2173474562017897,0.18747834326890525,0.02986911293288444
Model_Wagon R VXI,-0.035234745936558,-0.008088415245492914,0.035234745936558,0.008088415245492914,0.02714633069106509
Model_i20 Magna 1.2,-0.2603974068472954,-0.23392674769207483,0.2603974068472954,0.23392674769207483,0.026470659155220566
Model_Grand i10 Magna 1.2 Kappa VTVT [2013-2016],-0.0981731754104734,-0.07827509524628379,0.0981731754104734,0.07827509524628379,0.01989808016418962
Model_Verna 1.6 CRDI SX,-0.1876592778410475,-0.16792878758360738,0.1876592778410475,0.16792878758360738,0.019730490257440114
Model_GLA 200 d Sport,-0.0239881693490277,0.005956944926428535,0.0239881693490277,0.005956944926428535,0.018031224422599162
Model_Wagon R LXI CNG (O),-0.050425140028152,-0.03302418401867371,0.050425140028152,0.03302418401867371,0.01740095600947829
Model_X1 sDrive20d xLine,-0.1448465037565726,-0.12862645552911947,0.1448465037565726,0.12862645552911947,0.016220048227453127
Model_Innova 2.8 ZX AT 7 STR [2016-2020],-0.1641331999360955,-0.1486894495494933,0.1641331999360955,0.1486894495494933,0.015443750386602173
Model_Swift VDi,0.1007530468746931,0.08565243116730893,0.1007530468746931,0.08565243116730893,0.015100615707384163
Height,0.0975345742010361,0.08247101071547341,0.0975345742010361,0.08247101071547341,0.01506356348556269
Model_City 1.5 S MT,-0.0798435355144511,-0.06577245300842204,0.0798435355144511,0.06577245300842204,0.014071082506029065
Fuel Type_Diesel,0.0740214389426846,0.06121702409030396,0.0740214389426846,0.06121702409030396,0.012804414852380645
Torque_NM,-0.1412523676140258,-0.12847982888501275,0.1412523676140258,0.12847982888501275,0.012772538729013044
Model_Grand i10 Asta 1.2 Kappa VTVT [2013-2016],-0.0172070076228445,-0.00544213590967817,0.0172070076228445,0.00544213590967817,0.011764871713166331
Model_GLC 220 d Progressive,0.1634690464456539,0.15215665318366756,0.1634690464456539,0.15215665318366756,0.011312393261986353
Model_E-Class E 220d Exclusive [2019-2019],0.1217362079894171,0.1113088803512481,0.1217362079894171,0.1113088803512481,0.010427327638169004
missingindicator_Power_RPM,-0.012603606171201,0.0022103522051455165,0.012603606171201,0.0022103522051455165,0.010393253966055484
Model_Creta SX 1.6 AT Petrol,-0.0118206747500131,-0.0016995663831574728,0.0118206747500131,0.0016995663831574728,0.010121108366855628
Model_V40 D3 R-Design,-0.0652100227487303,-0.055292177316656275,0.0652100227487303,0.055292177316656275,0.00991784543207403
Location_Chandigarh,0.0285023737036048,-0.01914143383261745,0.0285023737036048,0.01914143383261745,0.00936093987098735
Model_Vitara Brezza VDi (O) [2016-2018],-0.0178673171368065,-0.009621764318491181,0.0178673171368065,0.009621764318491181,0.00824555281831532
Model_Kwid RXT [2015-2019],0.0252002873310325,0.017548070218484355,0.0252002873310325,0.017548070218484355,0.007652217112548144
Model_Swift DZire VDI,0.0200264182187687,0.012469117063520515,0.0200264182187687,0.012469117063520515,0.007557301155248183
Model_Vitara Brezza ZDi,0.1213333157912911,0.11411794242466067,0.1213333157912911,0.11411794242466067,0.0072153733666304315
Model_Baleno Delta 1.2,-0.0468590163481215,-0.04007911148002755,0.0468590163481215,0.04007911148002755,0.006779904868093947
Model_Swift VXi [2014-2017],-0.0361555341444564,-0.030026251955955565,0.0361555341444564,0.030026251955955565,0.006129282188500836
Model_City 1.5 V AT,-0.1595322841737976,-0.15400703104732855,0.1595322841737976,0.15400703104732855,0.005525253126469065
Seller Type_Individual,0.0413173029674602,0.03642261425868745,0.0413173029674602,0.03642261425868745,0.00489468870877275
Seller Type_Corporate,0.1003734344823768,0.09573296763323083,0.1003734344823768,0.09573296763323083,0.004640466849145972
Length,0.224585606112878,0.22048243350159125,0.224585606112878,0.22048243350159125,0.0041031726112867595
Engine_CC,0.0248003078943992,0.020714932117776117,0.0248003078943992,0.020714932117776117,0.004085375776623084
Model_GLE 300d 4MATIC LWB,0.007384365127752,0.003340980459766221,0.007384365127752,0.003340980459766221,0.004043384667985779
Model_Verna Fluidic 1.6 CRDi SX,-0.2168590193682145,-0.21316821571567257,0.2168590193682145,0.21316821571567257,0.0036908036525419297
missingindicator_Fuel Tank Capacity,-0.0034679068643128,-0.00010807929353803498,0.0034679068643128,0.00010807929353803498,0.003359827570774765
Seating Capacity,-0.0456352860232528,-0.04246549017034991,0.0456352860232528,0.04246549017034991,0.0031697958529028902
Model_GLE 250 d,-0.0232981170189434,-0.020345067506269434,0.0232981170189434,0.020345067506269434,0.002953049512673965
Model_Creta 1.6 SX Plus AT Petrol,0.0651615835889707,0.062411201151347344,0.0651615835889707,0.062411201151347344,0.002750382437623357
missingindicator_Torque_RPM_Clean,0.0062836566609003,0.0036719469926362845,0.0062836566609003,0.0036719469926362845,0.0026117096682640156
missingindicator_Torque_NM,0.0062836566609003,0.0036719469926362845,0.0062836566609003,0.0036719469926362845,0.0026117096682640156
missingindicator_Power_BHP,0.0062836566609003,0.0036719469926362845,0.0062836566609003,0.0036719469926362845,0.0026117096682640156
missingindicator_Engine_CC,0.0062836566609003,0.0036719469926362845,0.0062836566609003,0.0036719469926362845,0.0026117096682640156
Make_MINI,0.5092254472854469,0.506719402400813,0.5092254472854469,0.506719402400813,0.0025060448846339067
Model_infrequent_sklearn,-0.0689101922970554,-0.06655023708055194,0.0689101922970554,0.06655023708055194,0.002359955216503465
Power_BHP,0.3298520299319198,0.32768553879491197,0.3298520299319198,0.32768553879491197,0.002166491137007842
Vehicle_Age,-0.3860217024164334,-0.384528350109946,0.3860217024164334,0.384528350109946,0.0014933523064873944
Model_Swift VXi,0.0878495312016607,0.08638023777472298,0.0878495312016607,0.08638023777472298,0.0014692934269377178
Model_Alto VXi,0.009756040915063,0.008669668047257205,0.009756040915063,0.008669668047257205,0.0010863728678057946
Model_Alto 800 Lxi,-0.0307645951371101,-0.030663377441751384,0.0307645951371101,0.030663377441751384,0.00010121769535871572
missingindicator_Height,0.0002210109597417,-0.00039029387344249454,0.0002210109597417,0.00039029387344249454,-0.00016928291370079453
missingindicator_Length,0.0002210109597417,-0.00039029387344249454,0.0002210109597417,0.00039029387344249454,-0.00016928291370079453
missingindicator_Seating Capacity,0.0002210109597417,-0.00039029387344249454,0.0002210109597417,0.00039029387344249454,-0.00016928291370079453
missingindicator_Width,0.0002210109597417,-0.00039029387344249454,0.0002210109597417,0.00039029387344249454,-0.00016928291370079453
Model_Scorpio S10,0.1634962916229003,0.16388087036063867,0.1634962916229003,0.16388087036063867,-0.0003845787377383669
Kilometer,-0.0285110446085488,-0.02907559568782599,0.0285110446085488,0.02907559568782599,-0.0005645510792771889
Owner_Second,-0.0480800465883402,-0.04870724668945122,0.0480800465883402,0.04870724668945122,-0.0006272001011110237
Model_Kwid 1.0 RXT [2016-2019],-0.0849589961716675,-0.08564470354672139,0.0849589961716675,0.08564470354672139,-0.0006857073750538983
Model_Wagon R LXi,0.1205752377572995,0.12177050462941993,0.1205752377572995,0.12177050462941993,-0.0011952668721204318
Model_Baleno Zeta 1.2,0.0479488462988883,0.04979418564825023,0.0479488462988883,0.04979418564825023,-0.0018453393493619297
Model_Swift DZire VXI,0.102350154715747,0.1042651713764536,0.102350154715747,0.1042651713764536,-0.0019150166607065922
Width,0.0202131353602388,0.022623771504789756,0.0202131353602388,0.022623771504789756,-0.0024106361445509553
Power_RPM,0.0017991314809839,0.004953937563781871,0.0017991314809839,0.004953937563781871,-0.003154806082797971
Location_infrequent_sklearn,0.0239065732896915,-0.028858751518400408,0.0239065732896915,0.028858751518400408,-0.0049521782287089075
Torque_RPM_Clean,-0.0488507580840578,-0.05394661298370536,0.0488507580840578,0.05394661298370536,-0.005095854899647555
Model_5-Series 520d Luxury Line [2017-2019],0.0838974075697748,0.08903326496906994,0.0838974075697748,0.08903326496906994,-0.005135857399295132
Owner_Third,-0.0712174759372603,-0.07664917040707943,0.0712174759372603,0.07664917040707943,-0.005431694469819129
Model_Celerio VXi AMT,-0.0054967216675702,-0.012059770025999297,0.0054967216675702,0.012059770025999297,-0.006563048358429097
Model_Fortuner 3.0 4x2 AT,-0.0403688121941948,-0.04845282673832497,0.0403688121941948,0.04845282673832497,-0.008084014544130165
Fuel Tank Capacity,0.01089046418905,0.019791139652518556,0.01089046418905,0.019791139652518556,-0.008900675463468555
Model_i10 Magna 1.2 Kappa2,0.088487345358285,0.09787904982826294,0.088487345358285,0.09787904982826294,-0.009391704469977946
Model_City V,0.0003834827110553,0.01129407007506843,0.0003834827110553,0.01129407007506843,-0.01091058736401313
Fuel Type_Petrol,-0.0684653668408702,-0.08003688225450963,0.0684653668408702,0.08003688225450963,-0.011571515413639419
Drivetrain_FWD,0.0064201071578496,-0.018382992836485146,0.0064201071578496,0.018382992836485146,-0.011962885678635547
Transmission_Manual,-0.1675974580201162,-0.18252135993590943,0.1675974580201162,0.18252135993590943,-0.014923901915793236
Drivetrain_RWD,-0.0132569108125313,-0.03191243904539271,0.0132569108125313,0.03191243904539271,-0.018655528232861412
Make_Porsche,0.4055134260767021,0.42462792697485874,0.4055134260767021,0.42462792697485874,-0.01911450089815664
Owner_UnRegistered Car,0.0707565049082994,0.0907605494385312,0.0707565049082994,0.0907605494385312,-0.020004044530231788
Make_Land Rover,0.4229315454115313,0.4516869339506543,0.4229315454115313,0.4516869339506543,-0.028755388539123017
Make_Jaguar,0.2085424480709353,0.23784660181492884,0.2085424480709353,0.23784660181492884,-0.029304153743993533
Drivetrain_Missing,-0.0420019347584787,-0.07153292076476381,0.0420019347584787,0.07153292076476381,-0.029530986006285107
Make_Volvo,-0.0079717862869258,0.039966052444941565,0.0079717862869258,0.039966052444941565,-0.03199426615801576
Location_Zirakpur,0.0110661832962232,-0.04409005146842537,0.0110661832962232,0.04409005146842537,-0.033023868172202174
Make_BMW,0.0178719653352314,0.05773448408364601,0.0178719653352314,0.05773448408364601,-0.03986251874841461
Make_Mercedes-Benz,0.0795944152661948,0.12124594287072532,0.0795944152661948,0.12124594287072532,-0.04165152760453052
Location_Gurgaon,-0.0009764183463242,-0.0426439865302204,0.0009764183463242,0.0426439865302204,-0.0416675681838962
Location_Nashik,-0.0303414441922875,-0.07258251724305938,0.0303414441922875,0.07258251724305938,-0.04224107305077188
Location_Surat,-0.0078037569516713,-0.05277142600142842,0.0078037569516713,0.05277142600142842,-0.044967669049757124
Location_Varanasi,-0.0060575971717561,-0.05421057800032815,0.0060575971717561,0.05421057800032815,-0.04815298082857205
Location_Jamshedpur,-0.0166691676864241,-0.06733966524753192,0.0166691676864241,0.06733966524753192,-0.05067049756110782
Location_Ranchi,-0.0519639050013829,-0.10464146250391732,0.0519639050013829,0.10464146250391732,-0.05267755750253442
Location_Kolkata,-0.1020424175385415,-0.15494139798255444,0.1020424175385415,0.15494139798255444,-0.052898980444012936
Location_Ambala Cantt,-0.1035072738856193,-0.1575805495654953,0.1035072738856193,0.1575805495654953,-0.05407327567987601
Location_Faridabad,-0.0096387555753954,-0.0648261152390915,0.0096387555753954,0.0648261152390915,-0.0551873596636961
Location_Kanpur,-0.0337524841840906,-0.09314344439470741,0.0337524841840906,0.09314344439470741,-0.05939096021061681
