Feature,Ridge Coefficient,Absolute Ridge Coefficient
cat__Make_Datsun,-0.8259508719550319,0.8259508719550319
cat__Make_Chevrolet,-0.7219585528185921,0.7219585528185921
cat__Make_Tata,-0.7120918640725759,0.7120918640725759
cat__Make_Renault,-0.6851343989904989,0.6851343989904989
cat__Make_Nissan,-0.6775165835431468,0.6775165835431468
cat__Make_MG,-0.5795326164833928,0.5795326164833928
cat__Owner_infrequent_sklearn,-0.5514152895557227,0.5514152895557227
cat__Make_Mahindra,-0.5418245826209286,0.5418245826209286
cat__Make_Maruti Suzuki,-0.5328671579555244,0.5328671579555244
cat__Make_Volkswagen,-0.532029937499473,0.532029937499473
cat__Make_Honda,-0.5170407335731056,0.5170407335731056
cat__Make_MINI,0.506719402400813,0.506719402400813
cat__Make_Ford,-0.4845693140542136,0.4845693140542136
cat__Make_Hyundai,-0.4647279534278143,0.4647279534278143
cat__Make_Skoda,-0.45752053369314905,0.45752053369314905
cat__Make_Land Rover,0.4516869339506543,0.4516869339506543
cat__Make_Porsche,0.42462792697485874,0.42462792697485874
cat__Make_Kia,-0.4014258860478112,0.4014258860478112
cat__Make_Jeep,-0.3914668934291178,0.3914668934291178
num__Vehicle_Age,-0.384528350109946,0.384528350109946
num__Power_BHP,0.32768553879491197,0.32768553879491197
cat__Make_Toyota,-0.2722834225511875,0.2722834225511875
cat__Fuel Type_infrequent_sklearn,0.2715834451729415,0.2715834451729415
cat__Model_Fortuner 2.8 4x4 AT [2016-2020],0.25531838562693104,0.25531838562693104
cat__Make_Jaguar,0.23784660181492884,0.23784660181492884
cat__Model_i20 Magna 1.2,-0.23392674769207483,0.23392674769207483
num__Length,0.22048243350159125,0.22048243350159125
cat__Location_Coimbatore,0.21506476214336823,0.21506476214336823
cat__Model_Verna Fluidic 1.6 CRDi SX,-0.21316821571567257,0.21316821571567257
cat__Location_Chennai,0.21183769551983567,0.21183769551983567
cat__Location_Bangalore,0.19158844895454477,0.19158844895454477
cat__Model_Fortuner 2.8 4x2 AT [2016-2020],0.18747834326890525,0.18747834326890525
cat__Transmission_Manual,-0.18252135993590943,0.18252135993590943
cat__Model_Fortuner 3.0 4x4 MT,0.17628593603515588,0.17628593603515588
cat__Model_A6 2.0 TDI Premium,-0.1715489815243384,0.1715489815243384
cat__Model_Verna 1.6 CRDI SX,-0.16792878758360738,0.16792878758360738
cat__Model_Scorpio S10,0.16388087036063867,0.16388087036063867
cat__Location_Ambala Cantt,-0.1575805495654953,0.1575805495654953
cat__Location_Kolkata,-0.15494139798255444,0.15494139798255444
cat__Model_City 1.5 V AT,-0.15400703104732855,0.15400703104732855
cat__Model_GLC 220 d Progressive,0.15215665318366756,0.15215665318366756
cat__Model_Innova 2.8 ZX AT 7 STR [2016-2020],-0.1486894495494933,0.1486894495494933
cat__Location_Hyderabad,0.1345563480253077,0.1345563480253077
cat__Color_infrequent_sklearn,0.13280316998029404,0.13280316998029404
cat__Model_X1 sDrive20d xLine,-0.12862645552911947,0.12862645552911947
num__Torque_NM,-0.12847982888501275,0.12847982888501275
cat__Location_Udupi,0.12203934440487853,0.12203934440487853
cat__Model_Wagon R LXi,0.12177050462941993,0.12177050462941993
cat__Make_Mercedes-Benz,0.12124594287072532,0.12124594287072532
cat__Location_Pune,0.12091882417449877,0.12091882417449877
cat__Location_Indore,0.11942085023790873,0.11942085023790873
cat__Model_Vitara Brezza ZDi,0.11411794242466067,0.11411794242466067
cat__Model_E-Class E 220d Exclusive [2019-2019],0.1113088803512481,0.1113088803512481
cat__Location_Dehradun,0.11124063950068136,0.11124063950068136
cat__Location_Mangalore,0.10630477206292342,0.10630477206292342
cat__Location_Ranchi,-0.10464146250391732,0.10464146250391732
cat__Model_Swift DZire VXI,0.1042651713764536,0.1042651713764536
cat__Model_Q3 35 TDI Premium + Sunroof,-0.10306671903518606,0.10306671903518606
cat__Model_i10 Magna 1.2 Kappa2,0.09787904982826294,0.09787904982826294
cat__Seller Type_Corporate,0.09573296763323083,0.09573296763323083
cat__Location_Kanpur,-0.09314344439470741,0.09314344439470741
cat__Owner_UnRegistered Car,0.0907605494385312,0.0907605494385312
cat__Model_5-Series 520d Luxury Line [2017-2019],0.08903326496906994,0.08903326496906994
cat__Color_Orange,0.08660185601415435,0.08660185601415435
cat__Model_Swift VXi,0.08638023777472298,0.08638023777472298
cat__Model_Swift VDi,0.08565243116730893,0.08565243116730893
cat__Model_Kwid 1.0 RXT [2016-2019],-0.08564470354672139,0.08564470354672139
num__Height,0.08247101071547341,0.08247101071547341
cat__Fuel Type_Petrol,-0.08003688225450963,0.08003688225450963
cat__Model_Grand i10 Magna 1.2 Kappa VTVT [2013-2016],-0.07827509524628379,0.07827509524628379
cat__Location_Bhopal,0.07699777331365523,0.07699777331365523
cat__Owner_Third,-0.07664917040707943,0.07664917040707943
cat__Location_Nashik,-0.07258251724305938,0.07258251724305938
cat__Drivetrain_Missing,-0.07153292076476381,0.07153292076476381
cat__Fuel Type_Electric,0.06999486155521875,0.06999486155521875
cat__Location_Karnal,0.0686806458480204,0.0686806458480204
cat__Color_Gold,0.0679207462484884,0.0679207462484884
cat__Location_Jamshedpur,-0.06733966524753192,0.06733966524753192
cat__Model_infrequent_sklearn,-0.06655023708055194,0.06655023708055194
cat__Make_infrequent_sklearn,-0.06652959399769193,0.06652959399769193
cat__Model_City 1.5 S MT,-0.06577245300842204,0.06577245300842204
cat__Location_Faridabad,-0.0648261152390915,0.0648261152390915
cat__Model_Creta 1.6 SX Plus AT Petrol,0.062411201151347344,0.062411201151347344
cat__Location_Guwahati,0.06190616022441054,0.06190616022441054
cat__Fuel Type_Diesel,0.06121702409030396,0.06121702409030396
cat__Color_Blue,0.059686121536141175,0.059686121536141175
cat__Color_Grey,0.057882856154858275,0.057882856154858275
cat__Make_BMW,0.05773448408364601,0.05773448408364601
cat__Color_Green,0.056012026019591335,0.056012026019591335
cat__Color_White,0.05571210698818054,0.05571210698818054
cat__Model_V40 D3 R-Design,-0.055292177316656275,0.055292177316656275
cat__Location_Varanasi,-0.05421057800032815,0.05421057800032815
num__Torque_RPM_Clean,-0.05394661298370536,0.05394661298370536
cat__Color_Red,0.053312929659135005,0.053312929659135005
cat__Location_Surat,-0.05277142600142842,0.05277142600142842
cat__Color_Brown,0.05043749983684328,0.05043749983684328
cat__Model_Baleno Zeta 1.2,0.04979418564825023,0.04979418564825023
cat__Location_Mumbai,0.04875606396632618,0.04875606396632618
cat__Owner_Second,-0.04870724668945122,0.04870724668945122
cat__Location_Navi Mumbai,0.04845835087729298,0.04845835087729298
cat__Model_Fortuner 3.0 4x2 AT,-0.04845282673832497,0.04845282673832497
cat__Color_Black,0.044857751734184576,0.044857751734184576
cat__Location_Jaipur,0.0443692400684022,0.0443692400684022
cat__Location_Zirakpur,-0.04409005146842537,0.04409005146842537
cat__Location_Meerut,0.042855912629287,0.042855912629287
cat__Location_Gurgaon,-0.0426439865302204,0.0426439865302204
num__Seating Capacity,-0.04246549017034991,0.04246549017034991
cat__Model_Baleno Delta 1.2,-0.04007911148002755,0.04007911148002755
cat__Make_Volvo,0.039966052444941565,0.039966052444941565
cat__Seller Type_Individual,0.03642261425868745,0.03642261425868745
cat__Color_Maroon,0.03640075589414297,0.03640075589414297
cat__Location_Ludhiana,0.03312752623104004,0.03312752623104004
cat__Model_Wagon R LXI CNG (O),-0.03302418401867371,0.03302418401867371
cat__Drivetrain_RWD,-0.03191243904539271,0.03191243904539271
cat__Location_Patna,0.030907638698170235,0.030907638698170235
cat__Model_Alto 800 Lxi,-0.030663377441751384,0.030663377441751384
cat__Model_Swift VXi [2014-2017],-0.030026251955955565,0.030026251955955565
num__Kilometer,-0.02907559568782599,0.02907559568782599
cat__Location_infrequent_sklearn,-0.028858751518400408,0.028858751518400408
cat__Model_A6 35 TDI Matrix,-0.02350638290050959,0.02350638290050959
num__Width,0.022623771504789756,0.022623771504789756
cat__Color_Yellow,-0.022512405874956162,0.022512405874956162
cat__Color_Others,0.021359859585853715,0.021359859585853715
num__Engine_CC,0.020714932117776117,0.020714932117776117
cat__Model_GLE 250 d,-0.020345067506269434,0.020345067506269434
num__Fuel Tank Capacity,0.019791139652518556,0.019791139652518556
cat__Location_Chandigarh,-0.01914143383261745,0.01914143383261745
cat__Location_Noida,0.018665757230387138,0.018665757230387138
cat__Drivetrain_FWD,-0.018382992836485146,0.018382992836485146
cat__Model_Kwid RXT [2015-2019],0.017548070218484355,0.017548070218484355
cat__Location_Delhi,0.013911406942242563,0.013911406942242563
cat__Location_Raipur,0.01336330453340381,0.01336330453340381
cat__Color_Bronze,0.012723996198273446,0.012723996198273446
cat__Model_Swift DZire VDI,0.012469117063520515,0.012469117063520515
cat__Model_Celerio VXi AMT,-0.012059770025999297,0.012059770025999297
cat__Model_City V,0.01129407007506843,0.01129407007506843
cat__Location_Lucknow,0.009976360892286578,0.009976360892286578
cat__Model_Vitara Brezza VDi (O) [2016-2018],-0.009621764318491181,0.009621764318491181
cat__Location_Mohali,-0.008969630781566854,0.008969630781566854
cat__Model_Alto VXi,0.008669668047257205,0.008669668047257205
cat__Location_Thane,-0.008186589405730261,0.008186589405730261
cat__Model_Wagon R VXI,-0.008088415245492914,0.008088415245492914
cat__Location_Jalandhar,0.0070844725242235704,0.0070844725242235704
cat__Color_Silver,0.006895601482761766,0.006895601482761766
cat__Model_GLA 200 d Sport,0.005956944926428535,0.005956944926428535
cat__Model_Grand i10 Asta 1.2 Kappa VTVT [2013-2016],-0.00544213590967817,0.00544213590967817
num__Power_RPM,0.004953937563781871,0.004953937563781871
num__missingindicator_Torque_NM,0.0036719469926362845,0.0036719469926362845
num__missingindicator_Power_BHP,0.0036719469926362845,0.0036719469926362845
num__missingindicator_Engine_CC,0.0036719469926362845,0.0036719469926362845
num__missingindicator_Torque_RPM_Clean,0.0036719469926362845,0.0036719469926362845
cat__Model_GLE 300d 4MATIC LWB,0.003340980459766221,0.003340980459766221
num__missingindicator_Power_RPM,0.0022103522051455165,0.0022103522051455165
cat__Location_Ahmedabad,-0.0020240270393749684,0.0020240270393749684
cat__Model_Creta SX 1.6 AT Petrol,-0.0016995663831574728,0.0016995663831574728
num__missingindicator_Length,-0.00039029387344249454,0.00039029387344249454
num__missingindicator_Width,-0.00039029387344249454,0.00039029387344249454
num__missingindicator_Height,-0.00039029387344249454,0.00039029387344249454
num__missingindicator_Seating Capacity,-0.00039029387344249454,0.00039029387344249454
num__missingindicator_Fuel Tank Capacity,-0.00010807929353803498,0.00010807929353803498
